date,grossReturn,netReturn,SPYReturn,equalWeightReturn,turnover,equity
2023-01-03,0.0,-0.0006890725219046434,0.0,0.0,0.6890725219045949,0.9993109274780954
2023-01-04,0.008555922833167489,0.008555922833167529,0.007720286246805985,0.018883909770465813,0.0,1.007860954659939
2023-01-05,-0.0004959160687533535,-0.0004959160687533215,-0.011413450316569484,-0.01356137175118882,0.0,1.007361140217454
2023-01-06,0.014165016978508175,0.014165016978508138,0.022932199798045172,0.021372235380638555,0.0,1.0216304278721235
2023-01-09,-0.0064429099489835395,-0.006442909948983555,-0.0005668858713092639,0.009011065650877247,0.0,1.0150481550242019
2023-01-10,0.006516381196950848,0.00651638119695086,0.0070127836026780965,0.013847012616331422,0.0,1.0216625957356011
2023-01-11,0.003318658943763512,0.003318658943763486,0.0126479194204423,0.013668573452007539,0.0,1.0250531454464478
2023-01-12,0.0013350289202580434,0.0013350289202580523,0.00364074281546789,0.01131022334257873,0.0,1.0264216210404202
2023-01-13,0.0037662958978020014,0.0037662958978019745,0.0038794324712942974,0.00730043060252353,0.0,1.03028742858116
2023-01-17,0.0002324754389487735,0.00023247543894866496,-0.0018319071239987217,0.003516936247946983,0.0,1.0305269451033627
2023-01-18,-0.014074618150073262,-0.01407461815007327,-0.015787984647704256,-0.017450027768299257,0.0,1.0160226718576715
2023-01-19,-0.006764664721621933,-0.00676466472162196,-0.007279890457202232,-0.008254213909454756,0.0,1.0091496191329878
2023-01-20,0.004456115889550504,0.004456115889550416,0.018629035377387693,0.0253209810608489,0.0,1.01364650678574
2023-01-23,0.0008536623352436613,0.0008536623352437545,0.011998819071955769,0.017888031614947803,0.0,1.0145118186298345
2023-01-24,0.007078253575031443,0.007078253575031335,-0.0010733204621977688,-0.0002940509854824612,0.0,1.0216927905369626
2023-01-25,0.002829339411536893,0.0028293394115368464,0.00037474593597242034,-0.0009303874821930727,0.0,1.0245835062157118
2023-01-26,0.003534858938462277,0.003534858938462282,0.010990236578673818,0.01463278568268833,0.0,1.0282052643808595
2023-01-27,-0.0005528359748111166,-0.00055283597481115,0.002297716532322358,0.00968416948897998,0.0,1.0276368355212195
2023-01-30,-0.006515659569750112,-0.006515659569750087,-0.01254683003353041,-0.01959658604805581,0.0,1.020941103739628
2023-01-31,0.0006914573330461615,0.0006914573330460971,0.014703404303224366,0.015301858875960922,0.0,1.021647040952417
2023-02-01,0.001559951207049714,0.001559951207049659,0.010627730513844913,0.017688866413459833,0.0,1.0232407604871294
2023-02-02,-0.008125236869072586,-0.00928614611916656,0.014557136931436787,0.021363775539969276,1.1704191831935227,1.0137387972701588
2023-02-03,-0.013407663434846322,-0.01340766343484634,-0.010629276380023978,-0.013474488773666735,0.0,1.0001469286655147
2023-02-06,-0.0031474352063536673,-0.0031474352063536326,-0.0061112957538348445,-0.005176187557111707,0.0,0.9969990310107064
2023-02-07,0.00997808522861461,0.009978085228614653,0.013078533737033382,0.013324528824344999,0.0,1.0069471723149774
2023-02-08,7.225762891057688e-05,7.225762891049925e-05,-0.010934727483926543,-0.00751379380557522,0.0,1.007019931930087
2023-02-09,-0.010001936519003845,-0.010001936519003829,-0.00866904735609253,-0.011075710466726549,0.0,0.9969477824975507
2023-02-10,-0.01594552474152357,-0.015945524741523553,0.0023336657509502867,-0.004845660288829159,0.0,0.9810509269657289
2023-02-13,0.008901092429601704,0.008901092429601798,0.011739169135613015,0.00934376981728837,0.0,0.9897833519447974
2023-02-14,0.018287833986644485,0.018287833986644575,-0.00046046007816535894,0.012994604996687089,0.0,1.0078843455679085
2023-02-15,0.0059838892821773735,0.0059838892821773015,0.00324744509078978,0.01062756970192339,0.0,1.0139154139010267
2023-02-16,-0.01618520158023571,-0.01618520158023573,-0.013768877902945786,-0.0193495932307576,0.0,0.9975049885417304
2023-02-17,-0.011705668311736282,-0.01170566831173625,-0.002498216899446848,-0.006169688391609768,0.0,0.9858285260065587
2023-02-21,-0.010452434604857494,-0.010452434604857452,-0.020060866592698012,-0.019707630994449235,0.0,0.9755242178068722
2023-02-22,0.0019973759714528964,0.001997375971452886,-0.0013781568733265415,0.00019100131000285986,0.0,0.97747270643909
2023-02-23,0.012585676723104242,0.012585676723104289,0.00531946883952461,0.007045871360477044,0.0,0.9897748619279902
2023-02-24,-0.005977155394508231,-0.005977155394508271,-0.010682455848828432,-0.009547523065685267,0.0,0.9838588237726686
2023-02-27,0.006796868270098167,0.0067968682700980665,0.003405700613174245,0.005144939901996361,0.0,0.9905459825942251
2023-02-28,0.004478494588902358,0.00447849458890226,-0.0036957035309918007,-0.0006885131257371077,0.0,0.9949821374173322
2023-03-01,-0.00374935028515666,-0.0037493502851566607,-0.0038358650848324682,-0.0037352250474742437,0.0,0.9912516008566807
2023-03-02,0.008857244072869967,0.00885724407287003,0.0077771115470717245,0.007146681620562982,0.0,1.0000313582230915
2023-03-03,0.0087006439594102,0.00870064395941017,0.016037754619682598,0.016708277276775402,0.0,1.008732275019236
2023-03-06,-0.002430358033008163,-0.003442778474978536,0.0006927415327093733,0.0017415188607782818,1.0148869806964924,1.0052594332557836
2023-03-07,-0.012940133878584427,-0.012940133878584392,-0.015328714360699602,-0.012525903047746999,0.0,0.9922512416067439
2023-03-08,0.002305839499450849,0.0023058394994508458,0.0016321427380827647,0.003693145687802326,0.0,0.9945392137130199
2023-03-09,-0.00783256217162009,-0.007832562171620094,-0.018449794804487274,-0.022214474291772163,0.0,0.9867494234894985
2023-03-10,-0.008683648062948236,-0.00868364806294819,-0.01442953266305036,-0.01811844519679205,0.0,0.9781808387695986
2023-03-13,-0.0012540600689915108,-0.001254060068991536,-0.0014250598482130616,0.006481069098280189,0.0,0.976954141239445
2023-03-14,0.009763805507777569,0.009763805507777557,0.01653005157861087,0.02210104484198178,0.0,0.9864929314645248
2023-03-15,-0.005223695236746367,-0.005223695236746373,-0.006254471931951167,-0.009917464503680286,0.0,0.9813397930373495
2023-03-16,0.007160030198905505,0.007160030198905432,0.017545198774913118,0.021212558311129438,0.0,0.9883662155908846
2023-03-17,-0.0050434353891367825,-0.005043435389136763,-0.011692681603456823,-0.005267705302283751,0.0,0.9833814544417463
2023-03-20,0.008837321221983361,0.00883732122198344,0.009615606462570536,0.008993669949353722,0.0,0.9920719122383893
2023-03-21,0.005040690645161408,0.005040690645161439,0.01313058303335235,0.018871467966834594,0.0,0.9970726398457368
2023-03-22,-0.009615216573820234,-0.009615216573820251,-0.017046583079635913,-0.018440614306045013,0.0,0.9874855704737894
2023-03-23,0.0005228893479595757,0.0005228893479596319,0.0027034105624375027,0.005280604132657876,0.0,0.988001916159854
2023-03-24,0.00673092191520651,0.0067309219152065225,0.006561910930938275,0.0007180104439673124,0.0,0.9946520799096004
2023-03-27,0.002966245534466419,0.0029662455344663385,0.0018700810649652233,-0.0025364248610068377,0.0,0.9976024621999798
2023-03-28,0.0028525262520361716,0.002852526252036247,-0.002244848192080817,-0.0014089318049698245,0.0,1.0004481494125013
2023-03-29,0.007226807950048616,0.007226807950048597,0.0145348900290998,0.016760178687932583,0.0,1.007678196052287
2023-03-30,0.004744901880341976,0.004744901880342045,0.005855257607331188,0.00620126636391356,0.0,1.0124595302195152
2023-03-31,0.01006572498307804,0.010065724983078006,0.014094717871337092,0.01738402755594609,0.0,1.0226506694072013
2023-04-03,0.0037012243041266877,0.0037012243041267823,0.00381040503153951,0.0032472874021918278,0.0,1.0264357289194428
2023-04-04,-0.005343785433209313,-0.006883219252376116,-0.005547878000687345,-0.0073737195588716746,1.5477044194985445,1.0193705467488177
2023-04-05,-0.015305646158623579,-0.01530564615862362,-0.002618448093366643,-0.007880933550448485,0.0,1.0037684218557577
2023-04-06,0.0028012545312192973,0.002801254531219266,0.003900853362376111,0.0008732042510314226,0.0,1.006580232695776
2023-04-10,0.011054412204239339,0.011054412204239306,0.0010262812061787585,0.008401142121361163,0.0,1.0177073855046341
2023-04-11,0.005136568703091266,0.005136568703091315,0.000268726749838466,0.004656072708730116,0.0,1.022934909409922
2023-04-12,-0.015202138467888968,-0.015202138467888981,-0.0040759909042351605,-0.00537918589674084,0.0,1.007384111273435
2023-04-13,0.017656664127207615,0.017656664127207566,0.013282699772290796,0.015450425739171226,0.0,1.0251711541732755
2023-04-14,-0.0016590567583606112,-0.0016590567583606441,-0.0024428690608188086,0.00019780726637001292,0.0,1.023470337041468
2023-04-17,-0.001461558414893486,-0.0014615584148934824,0.0035885599917302446,-0.00035717784060093166,0.0,1.0219744753579711
2023-04-18,0.0026145326111679293,0.0026145326111679523,0.0006521923140083707,0.0018523270812552904,0.0,1.0246464609515757
2023-04-19,-0.004575803385696922,-0.004575803385696964,-0.00016917854069997684,-0.0033438676505312473,0.0,1.019957880206411
2023-04-20,-0.014777373064275881,-0.014777373064275845,-0.005457007905982247,-0.007232568772807056,0.0,1.004885582100753
2023-04-21,-0.002727913858900698,-0.002727913858900699,0.0007768805174901416,-0.0006081536913920433,0.0,1.0021443407947308
2023-04-24,-0.0016209839830811353,-0.0016209839830810813,0.0010431613806292095,-0.0016917963184119797,0.0,1.0005198808695672
2023-04-25,-0.016552991689764176,-0.016552991689764207,-0.01587375705628946,-0.017792982724997602,0.0,0.9839582835960894
2023-04-26,-0.005060957230569376,-0.0050609572305694295,-0.004235609404106722,-0.004350331500761739,0.0,0.9789785128061451
2023-04-27,0.025372885802877373,0.025372885802877443,0.019907995491378117,0.01680001671293142,0.0,1.0038180228150462
2023-04-28,0.020728504149534387,0.02072850414953442,0.008535320446884764,0.009870161738329981,0.0,1.0246256688663453
2023-05-01,0.005849448544967361,0.005849448544967384,-0.0010098798677914411,-0.002713482614280278,0.0,1.0306191639942317
2023-05-02,0.010925839296724069,0.010925839296723971,-0.011239202411470028,-0.007137545845240521,0.0,1.0418795433561567
2023-05-03,-0.00013662785953520295,-0.00013662785953516554,-0.006863977183122594,-0.007059025159388138,0.0,1.0417371935842545
2023-05-04,-0.004559458197694145,-0.006397554640732328,-0.007082850430013554,-0.0034820119860575136,1.8465155535159388,1.0350726229670162
2023-05-05,0.012984951610725895,0.012984951610725881,0.01851236945316992,0.021479862473263157,0.0,1.04851299088983
2023-05-08,-0.0001682889630195352,-0.00016828896301956942,0.0002666058250597736,0.005312020818241563,0.0,1.0483365377258806
2023-05-09,0.0010573644450435566,0.0010573644450435626,-0.004385344254685175,0.0037095154922609833,0.0,1.049445011507312
2023-05-10,0.0005392334374542402,0.0005392334374543228,0.00467244633890096,0.007555359484070344,0.0,1.0500109073482864
2023-05-11,0.0003622451366692117,0.00036224513666915925,-0.0017441051832430832,-0.004047848055756219,0.0,1.0503912686929229
2023-05-12,0.004128057167435472,0.004128057167435362,-0.0013101907194245088,-0.004882774742640855,0.0,1.0547273438982623
2023-05-15,0.0009070100112063093,0.0009070100112062995,0.0034499907765410676,0.008247849629362952,0.0,1.055683992158271
2023-05-16,-0.009479544564970539,-0.009479544564970577,-0.006682569775486535,-0.009547455821983963,0.0,1.0456765887080806
2023-05-17,0.0033283552388374857,0.003328355238837455,0.012138936769260367,0.019190806554550757,0.0,1.0491569718602367
2023-05-18,0.0016994160989926793,0.001699416098992712,0.009633195523003346,0.014495126010627352,0.0,1.0509399261085863
2023-05-19,-0.0011574565832824252,-0.001157456583282479,-0.0014550025391444343,-0.0011888389288762305,0.0,1.0497235087724774
2023-05-22,-0.012082987743399151,-0.01208298774339911,0.00040611075544871866,0.001101452328861598,0.0,1.0370397124820216
2023-05-23,-0.012962923923798353,-0.012962923923798386,-0.011222843874589938,-0.010359372488861202,0.0,1.0235966455831595
2023-05-24,-0.0072492129618075395,-0.007249212961807583,-0.007244767727471735,-0.004826069290731312,0.0,1.0161763755123354
2023-05-25,-0.003872120448793804,-0.0038721204487938143,0.008659713537857883,0.01435101286332101,0.0,1.012241618189133
2023-05-26,0.00455952751764383,0.004559527517643769,0.012950817824308958,0.02014260166042757,0.0,1.0168569617017706
2023-05-30,-0.009293208743893598,-0.00929320874389361,0.00038091226822878355,0.0010444621918037657,0.0,1.0074070976939946
2023-05-31,-0.0014026441448914833,-0.0014026441448914406,-0.005545187619041769,-0.005904870420506229,0.0,1.005994064026892
2023-06-01,0.00973820550703207,0.009738205507032083,0.009501039442507908,0.011576981367512895,0.0,1.0157906409612403
2023-06-02,0.012842739196028269,0.012842739196028186,0.014461214117278187,0.013365264336113817,0.0,1.028836175240872
2023-06-05,-0.00035645977550704784,-0.0017171983368479138,-0.001916283858174661,-0.0020919441014485723,1.3612237828649565,1.0270694594718592
2023-06-06,-0.0019527519315178394,-0.0019527519315178932,0.002177312991199054,0.0014390483082496349,0.0,1.0250638476010725
2023-06-07,-0.006074913678133657,-0.00607491367813362,-0.0034576509440906733,-0.00483523251516161,0.0,1.0188366732123204
2023-06-08,0.010434164985263013,0.010434164985263061,0.006048627395324413,0.007388756230270614,0.0,1.0294673831536543
2023-06-09,0.0019140518086134912,0.0019140518086135927,0.0017942614751011998,0.0010438816756883028,0.0,1.0314378370602881
2023-06-12,0.0006499348849425887,0.0006499348849426934,0.009071871555161648,0.009227016134212012,0.0,1.0321082044922434
2023-06-13,0.0008780875577761298,0.0008780875577760749,0.00659295942324567,0.007859982619083813,0.0,1.0330144858648866
2023-06-14,0.0081514755616769,0.008151475561676946,0.001190789114407842,0.0019326338222878936,0.0,1.0414350782012725
2023-06-15,0.010319467880999285,0.010319467880999245,0.012397724409938915,0.010773261957997918,0.0,1.0521821340409163
2023-06-16,-0.004219991957143818,-0.004219991957143843,-0.003406325055274273,-0.004100509374349933,0.0,1.0477419338978131
2023-06-20,-0.005393440345981062,-0.005393440345981104,-0.005188148969131445,-0.0035471523146916803,0.0,1.0420910002793524
2023-06-21,-0.0014162407422376498,-0.0014162407422376733,-0.00512369232196086,-0.005219515695662073,0.0,1.0406151485476376
2023-06-22,0.0041223357261699145,0.0041223357261699345,0.0036097097061593697,0.001702058894588833,0.0,1.0449049135516892
2023-06-23,-0.0009590988614790821,-0.0009590988614790463,-0.007560070623939152,-0.005259819574874927,0.0,1.043902746438748
2023-06-26,-0.003565863448362966,-0.0035658634483629603,-0.0040857417877877555,-0.005529877275121123,0.0,1.0401803317915763
2023-06-27,0.014302112892328273,0.01430211289232819,0.01096330859907546,0.015328818231003759,0.0,1.055057108325239
2023-06-28,0.0018975324030249324,0.0018975324030250373,0.0005044557107349856,0.0022768793447533373,0.0,1.057059113375328
2023-06-29,0.0047549596601132536,0.0047549596601133,0.003941495801249806,0.004522094684359035,0.0,1.0620853868177829
2023-06-30,0.011754823966323196,0.011754823966323213,0.011800550679832433,0.011057026281333053,0.0,1.0745700135770302
2023-07-03,0.0007527179082083341,0.0007527179082083002,0.0011505137043690272,0.007614729631834581,0.0,1.0753788616698732
2023-07-05,-0.0001757592495929156,-0.00017575924959289946,-0.001487096684625211,-0.0006577957320769897,0.0,1.075189853888118
2023-07-06,-0.011133502357430993,-0.012930812386112378,-0.007830787228407465,-0.013428997211922264,1.8175456777694312,1.061286775608039
2023-07-07,-0.0036827208725632356,-0.003682720872563272,-0.00252473617508453,-0.0016236381775769915,0.0,1.057378352647732
2023-07-10,0.007805748147754683,0.007805748147754699,0.0025311266019802936,0.008431727103707055,0.0,1.065631981765388
2023-07-11,0.013517430177058441,0.01351743017705842,0.006368614939907591,0.009781313058099615,0.0,1.0800365876733422
2023-07-12,0.0012381221947623067,0.001238122194762381,0.008045969523040153,0.006521129404681365,0.0,1.081373804943696
2023-07-13,0.030934811327366148,0.030934811327366196,0.007936721000936897,0.01579814348417544,0.0,1.1148258995739855
2023-07-14,0.002864721309356136,0.002864721309356222,-0.0006227452524482091,-0.0006841275929891666,0.0,1.1180195650847173
2023-07-17,-0.0010981155295278135,-0.0010981155295277656,0.003472357114186364,0.007853969179602238,0.0,1.116791850437982
2023-07-18,-0.0009140835153280099,-0.000914083515327957,0.0074303649206284295,0.005826483233008088,0.0,1.115771009417444
2023-07-19,0.009476617836455082,0.009476617836455148,0.0022237159825646557,0.0033894128099864543,0.0,1.126344744866689
2023-07-20,-0.01051164841003236,-0.010511648410032381,-0.006634495115742878,-0.009643364595004688,0.0,1.1145050049201628
2023-07-21,0.011740327850024209,0.011740327850024102,0.0,-0.0002553331117838148,0.0,1.1275896590684182
2023-07-24,0.0012198422644822855,0.0012198422644822404,0.004467271764858616,0.0039050217419129216,0.0,1.128965140591543
2023-07-25,0.0011191448934821874,0.0011191448934821935,0.0027302760258289815,0.0032571140580309904,0.0,1.1302286161635555
2023-07-26,0.014862512312466068,0.014862512312466158,0.00015371106145845026,0.00031757690928828586,0.0,1.147026652887188
2023-07-27,0.009357927397469944,0.00935792739746999,-0.006630048258550958,-0.0070094477149336,0.0,1.1577604450278693
2023-07-28,0.012351300500617743,0.012351300500617723,0.009790404925732021,0.013256025206846274,0.0,1.1720602921921375
2023-07-31,-0.0007112507612254178,-0.0007112507612254682,0.00190393367547248,0.008511175808887416,0.0,1.1712266634171136
2023-08-01,-0.0059789302655752375,-0.005978930265575277,-0.002861579276229098,-0.0011366132182118298,0.0,1.1642239808713601
2023-08-02,-0.018117035710264854,-0.018117035710264906,-0.013910802955215518,-0.019295628668935434,0.0,1.143131693435167
2023-08-03,-0.0010108358848966437,-0.0010108358848965882,-0.002865940689348645,0.0023710642666322592,0.0,1.1419761748982802
2023-08-04,-0.0072471253196031635,-0.008752189902546337,-0.0045226750935422055,-0.004578528021418911,1.5160515988712597,1.131981382551387
2023-08-07,0.016416294000749093,0.016416294000749065,0.008728562671913798,0.008985154267979452,0.0,1.1505643217307249
2023-08-08,-0.009978581497189946,-0.009978581497189998,-0.004348726313410212,-0.002489458100428913,0.0,1.1390833218785756
2023-08-09,-0.011674849955832553,-0.011674849955832567,-0.006685312155942702,-0.008732142740613623,0.0,1.125784695008452
2023-08-10,0.006074803863753975,0.006074803863753919,0.0003590178941852429,0.00223610386774156,0.0,1.1326236162234444
2023-08-11,-0.01159315002209482,-0.011593150022094822,-0.0005829460642047257,-0.002684529164318159,0.0,1.1194929407219985
2023-08-14,0.010596084828757285,0.01059608482875718,0.005519964789593379,0.007737120143478757,0.0,1.1313551828870836
2023-08-15,-0.011677528230701435,-0.01167752823070145,-0.011648972665925128,-0.01248228414631379,0.0,1.1181437507999692
2023-08-16,-0.00873083253556984,-0.008730832535569832,-0.00733808692196658,-0.00815801279491127,0.0,1.1083814249610406
2023-08-17,-0.020670005377922327,-0.020670005377922296,-0.007619801078476263,-0.012963348903480285,0.0,1.0854711749463068
2023-08-18,-0.005974006700816955,-0.005974006700816936,0.0004812283899193748,-0.00038181627399186635,0.0,1.078986562873634
2023-08-21,0.037797467134888074,0.03779746713488796,0.0065060856850875926,0.011933988994049322,0.0,1.1197695220228359
2023-08-22,-0.006032216410617709,-0.006032216410617686,-0.002708487179587049,-0.00333934163800687,0.0,1.11301482993598
2023-08-23,0.015005150939032342,0.015005150939032319,0.011137884357937278,0.014590173277859192,0.0,1.129715785456551
2023-08-24,-0.027595701008366273,-0.02759570100836628,-0.013859071070219664,-0.01880882139039693,0.0,1.0985404864166604
2023-08-25,0.006342765432380413,0.006342765432380437,0.00704965267251878,0.007485828857328601,0.0,1.1055082710399744
2023-08-28,0.005432249156089602,0.005432249156089641,0.0063414483828363455,0.00694938899632058,0.0,1.1115136674123813
2023-08-29,0.02969898888406484,0.02969898888406486,0.014454687853921122,0.021430499727602765,0.0,1.1445244994653478
2023-08-30,0.005989084987797876,0.005989084987797932,0.004118941233786755,0.006750696352944489,0.0,1.1513791539632627
2023-08-31,-0.0012514132772592991,-0.0012514132772593056,-0.0014634308054853884,-0.0010839241478215929,0.0,1.1499383028028336
2023-09-01,0.00148596694942913,0.0014859669494291516,0.0018650989594104495,0.0028706760510046523,0.0,1.1516470731146813
2023-09-05,0.005628845249942741,0.00379292006420906,-0.00432184436136851,-0.0017675270770042828,1.8256488906473578,1.1560151784051855
2023-09-06,0.0014895883120240394,0.0014895883120240594,-0.006722442933942974,-0.0035908875761834374,0.0,1.1577371651034603
2023-09-07,0.0037285528723654316,0.0037285528723653982,-0.003070302254751911,0.0008903901397830904,0.0,1.162053849335851
2023-09-08,0.001225666653977153,0.0012256666539771643,0.0015060550891452529,0.0018242597910720522,0.0,1.1634781399891077
2023-09-11,0.003976902600948833,0.003976902600948851,0.006576789540672756,0.005194381254394501,0.0,1.1681051792301775
2023-09-12,0.00016314206121055715,0.00016314206121048613,-0.005485640985070206,-0.0044099095228858146,0.0,1.1682957463168278
2023-09-13,0.0011108387496109402,0.0011108387496110428,0.0011660380842797302,-0.000983619147422489,0.0,1.1695935345028423
2023-09-14,0.0014268488760160792,0.0014268488760160736,0.00862233542288049,0.00954351882958161,0.0,1.1712623677229435
2023-09-15,-0.007991104930111105,-0.007991104930111126,-0.012048317343959836,-0.014277838540755615,0.0,1.161902687241779
2023-09-18,0.0030197622955916424,0.0030197622955916437,0.0005863607338791876,-0.00021556963103500025,0.0,1.1654113571678584
2023-09-19,-0.004576244650526676,-0.00457624465052664,-0.0020737577536447116,-0.006450119954072826,0.0,1.160078149678956
2023-09-20,-0.0038574881079899313,-0.003857488107989915,-0.009193334898152217,-0.011845504893655726,0.0,1.1556031620122305
2023-09-21,-0.017197122282347647,-0.0171971222823476,-0.016528432587093578,-0.019054618782970364,0.0,1.1357301131252386
2023-09-22,-3.0430223869351352e-05,-3.0430223869393203e-05,-0.0022483553500496356,-0.0015329423596648034,0.0,1.135695552603641
2023-09-25,-0.0018144743424897405,-0.0018144743424897136,0.004205062487775635,0.006828360261123778,0.0,1.133634862162562
2023-09-26,-0.010458420144344432,-0.010458420144344394,-0.01469117974189238,-0.013603704772767058,0.0,1.12177883248379
2023-09-27,0.0034657165839343577,0.003465716583934464,0.0003990548684880135,0.005840008287944738,0.0,1.1256665999870359
2023-09-28,0.012524899116312504,0.012524899116312493,0.005797471679999111,0.01069779098863249,0.0,1.139765460590476
2023-09-29,-0.005539031332840625,-0.005539031332840616,-0.002426943276471416,-0.003647119214178231,0.0,1.1334522639921758
2023-10-02,0.00039028138067098104,0.00039028138067087603,-0.00039756128934498314,-0.0019836987539714303,0.0,1.1338946293066912
2023-10-03,-0.014611057573748315,-0.014611057573748365,-0.013386094683516814,-0.016683055861713373,0.0,1.117327229595327
2023-10-04,0.010937941545319789,0.00995542331543553,0.007281761297492917,0.008680975367999492,0.9718877781777616,1.1284506951478113
2023-10-05,-0.008475042797092327,-0.008475042797092325,-0.0003767125909642788,-0.0023782464512877295,0.0,1.118887027212025
2023-10-06,0.0099660216599093,0.009966021659909341,0.011872926249607785,0.017773737935816433,0.0,1.1300378795602117
2023-10-09,-0.00023765634695540168,-0.00023765634695538385,0.006402050349254784,0.007456861334134402,0.0,1.1297693188858342
2023-10-10,0.008404063691031105,0.008404063691031194,0.005204766780387393,0.007299575727045388,0.0,1.1392639721979236
2023-10-11,0.0010005903916241341,0.0010005903916241454,0.004096475250114029,0.001856560452927707,0.0,1.1404039087820284
2023-10-12,-0.005204798643654106,-0.005204798643654085,-0.006096529615446267,-0.007224088813736761,0.0,1.134468336064382
2023-10-13,0.0004096566998849204,0.0004096566998850193,-0.004980802640899729,-0.00802055676253537,0.0,1.1349330786190581
2023-10-16,0.007644200128171615,0.007644200128171574,0.010521349064222862,0.010866536138887824,0.0,1.1436087342041041
2023-10-17,0.0025459542579709346,0.002545954257970884,-4.5823920607812596e-05,0.0008945210616448498,0.0,1.1465203097304038
2023-10-18,-0.002914159279777367,-0.0029141592797773397,-0.013325091889134666,-0.014774651178027386,0.0,1.1431791669303497
2023-10-19,-0.003611098432823986,-0.0036110984328240336,-0.008786451177968946,-0.007438174780031064,0.0,1.1390510344322105
2023-10-20,-0.002357884769729107,-0.0023578847697290906,-0.012288126528530285,-0.012728393942267855,0.0,1.1363652833461786
2023-10-23,-0.002923806130182903,-0.0029238061301829488,-0.001733079912708213,0.003094061085454416,0.0,1.1330427715646039
2023-10-24,0.012329960111795197,0.012329960111795213,0.007539317059869877,0.017816014454691234,0.0,1.1470131437429534
2023-10-25,-0.00017618137685916982,-0.00017618137685915247,-0.014352267637572358,-0.019872185175988565,0.0,1.1468110613880131
2023-10-26,-0.011054919473959578,-0.011054919473959535,-0.011974465339797513,-0.01349598778349978,0.0,1.1341331574525226
2023-10-27,-0.008344705974296126,-0.008344705974296152,-0.004532738343679399,-0.006623002578275514,0.0,1.1246691497178811
2023-10-30,0.011221118890199193,0.011221118890199167,0.01195579639643607,0.012676247442692742,0.0,1.1372891959590046
2023-10-31,0.0027503290448236397,0.0027503290448236406,0.006280319349446284,0.0069084207242431205,0.0,1.1404171154670149
2023-11-01,0.0007700073947207747,0.0007700073947207731,0.01066469251754354,0.013830719548870779,0.0,1.1412952450789906
2023-11-02,0.014766115959468754,0.013499108601942478,0.019164190478637266,0.026928918571067304,1.2485708160724394,1.1567017135391924
2023-11-03,-0.00040887862038174933,-0.0004088786203817474,0.009123601516142443,0.00874448739196696,0.0,1.1562287629383672
2023-11-06,0.009212489710525967,0.009212489710525906,0.002300272021308558,0.003622518895329603,0.0,1.166880508519951
2023-11-07,0.005421035441279912,0.005421035441279809,0.0028461186856993947,0.004179884194470222,0.0,1.1732062091123763
2023-11-08,0.005000158566531099,0.005000158566531132,0.0007324839775000314,0.00018369916158320575,0.0,1.179072426189177
2023-11-09,-0.003969041221665555,-0.003969041221665526,-0.007798756576629651,-0.006055691725308414,0.0,1.1743926391263029
2023-11-10,0.017741812995225863,0.017741812995225814,0.015604787846028811,0.01977836048262781,0.0,1.1952284937126514
2023-11-13,0.005689544818695813,0.005689544818695769,-0.0009532526504951733,0.0011128585052036092,0.0,1.2020287997962118
2023-11-14,0.001795453160832228,0.0017954531608321833,0.019400700655952452,0.018878788577372713,0.0,1.2041869862042172
2023-11-15,-0.009989323430606356,-0.009989323430606323,0.0021170158623191604,0.0014963371169241682,0.0,1.1921579729280962
2023-11-16,-0.013692697782198787,-0.013692697782198837,0.001223232574235622,-0.0035333720624133973,0.0,1.175834114096153
2023-11-17,0.009608234823900596,0.009608234823900608,0.0012437526668118704,0.004766666089712088,0.0,1.187131804378342
2023-11-20,0.019659714827053726,0.019659714827053643,0.007697696229948647,0.01124498149777239,0.0,1.210470477114546
2023-11-21,-0.012975809389488129,-0.012975809389488169,-0.002179493691767731,-0.0029040193071780372,0.0,1.1947636429319048
2023-11-22,0.007546176642248209,0.007546176642248215,0.00386090356884794,0.006288830290530146,0.0,1.203779540427205
2023-11-24,0.006499113712007453,0.006499113712007398,0.0006153298435043197,0.003418212784816878,0.0,1.2116030405446294
2023-11-27,-0.008162127914080565,-0.008162127914080552,-0.0018008995207469125,-0.0011531001138809385,0.0,1.2017137815466152
2023-11-28,0.009545146416404785,0.009545146416404693,0.0009900036303838178,0.004240893119627876,0.0,1.213184315542089
2023-11-29,9.205214916769644e-05,9.205214916763182e-05,-0.0007032245848147545,0.0016721011226784803,0.0,1.2132959917656712
2023-11-30,0.0019386444619099868,0.0019386444619100551,0.003937426668405353,0.002166354174258111,0.0,1.2156481413207654
2023-12-01,0.011864796411426803,0.011864796411426903,0.005915724544156786,0.008706986919515436,0.0,1.2300715590254658
2023-12-04,0.00013380772419545816,-0.0010792768687255538,-0.005249415113989464,-0.00620092689109428,1.2129222945491778,1.2287439712449324
2023-12-05,0.001513714538650853,0.00151371453865079,-0.00019712553371464825,-0.0009316555145155476,0.0,1.2306039388584853
2023-12-06,-0.00494907045902322,-0.004949070459023264,-0.004029633836950541,-0.007672264219491138,0.0,1.2245135932579232
2023-12-07,0.011297805320616142,0.011297805320616083,0.007630287287313076,0.009599215339440888,0.0,1.2383479094469994
2023-12-08,0.01690291836239078,0.016902918362390773,0.004299316822492738,0.010872343399487418,0.0,1.2592796030646192
2023-12-11,-0.01448119029068006,-0.014481190290680068,0.003889530635455385,0.003707380750198241,0.0,1.2410437355034682
2023-12-12,0.008421795607249876,0.008421795607249871,0.0045672121517017494,0.0063334469710311005,0.0,1.2514955521835363
2023-12-13,0.01730940937725435,0.017309409377254337,0.013790063422416399,0.0156179350438823,0.0,1.2731582010300941
2023-12-14,-0.009305169422711337,-0.009305169422711312,0.0032093653866887006,0.006092522666275643,0.0,1.2613112482675948
2023-12-15,-0.003342161936441171,-0.0033421619364412125,-0.0016463950775735814,0.0012765782965536035,0.0,1.2570957418236297
2023-12-18,0.007788892305999851,0.007788892305999884,0.005625087373900994,0.005098692976839199,0.0,1.2668871251750249
2023-12-19,0.007104792637713985,0.007104792637713908,0.006080812478451492,0.008724979435276942,0.0,1.2758880954947829
2023-12-20,-0.00936623954804082,-0.009366239548040833,-0.013857328835340188,-0.01663787238212995,0.0,1.2639378219558852
2023-12-21,0.011369439303491236,0.011369439303491324,0.009481946536269659,0.013261153674828526,0.0,1.2783080863059997
2023-12-22,0.008632390238632628,0.008632390238632714,0.0020097299447832118,0.0037808637571051795,0.0,1.2893429405521928
2023-12-26,-0.0007594539270595064,-0.0007594539270595613,0.004222402008114967,0.005048894941811911,0.0,1.2883637439926638
2023-12-27,0.022073565638834863,0.02207356563883489,0.0018081012134820718,0.0065897697369521405,0.0,1.316802525662381
2023-12-28,0.0019129695416185695,0.0019129695416184589,0.0003777782469400748,0.0001407509196325834,0.0,1.3193215287862994
2023-12-29,-0.015257613915057318,-0.015257613915057311,-0.002894986310545189,-0.007111072880660488,0.0,1.2991918302702548
2024-01-02,-0.012984564178776123,-0.012984564178776137,-0.005596251571711397,-0.010105582041817114,0.0,1.282322390569569
2024-01-03,-0.0025316844824985574,-0.0025316844824985196,-0.008166813121043948,-0.010237780591730684,0.0,1.2790759548718038
2024-01-04,0.005876079469014462,0.004840522754479659,-0.003221008459321828,0.0011411485562400733,1.0295072481308178,1.2852673511360686
2024-01-05,0.00043372057625844316,0.00043372057625834515,0.0013696686415112236,0.0002472223860594853,0.0,1.2858247980322495
2024-01-08,0.028125514980606548,0.02812551498060656,0.014275917445046193,0.01648953895633283,0.0,1.321989282651741
2024-01-09,0.006388581887796144,0.00638858188779623,-0.0015170617781710138,-0.0005379604764554222,0.0,1.3304349194387506
2024-01-10,0.004130149656328151,0.004130149656328186,0.005655332229622001,0.007379649553143592,0.0,1.3359298147640375
2024-01-11,0.0060716915943450946,0.006071691594345063,-0.00044047516167355916,-0.0015962501948975332,0.0,1.3440411685909752
2024-01-12,0.0026541741421495938,0.0026541741421495235,0.0006926499838006972,-0.002083004970114089,0.0,1.347608487906634
2024-01-16,2.7632339431911054e-05,2.7632339431926667e-05,-0.003671240950010146,-0.0015813175209333581,0.0,1.347645725481793
2024-01-17,-0.004599115921787723,-0.004599115921787744,-0.005558695057710117,-0.005355313837043499,0.0,1.3414477465688006
2024-01-18,0.010301236436146981,0.010301236436146999,0.008892810925040795,0.008323229393411674,0.0,1.3552663169729424
2024-01-19,0.015458263311668132,0.015458263311668219,0.012466149622298195,0.014219164402862602,0.0,1.3762163805581449
2024-01-22,0.003203559195331859,0.0032035591953318843,0.00211432182760829,0.0012365824974293106,0.0,1.3806251711988482
2024-01-23,-0.00043726718167930786,-0.0004372671816793572,0.0029164787062068154,0.00022007094111549245,0.0,1.3800214691212824
2024-01-24,0.014930622392363608,0.014930622392363535,0.0010931980516954987,0.002501122689906176,0.0,1.400626048570087
2024-01-25,0.010588386981158283,0.010588386981158271,0.005438841931409755,0.004287404598641198,0.0,1.4154564191882377
2024-01-26,0.00413116644064945,0.00413116644064937,-0.0012702054495150605,0.003366240119016641,0.0,1.42130390524539
2024-01-29,0.012983549944539222,0.012983549944539208,0.007919307290395139,0.011089979367534399,0.0,1.439757475485512
2024-01-30,-0.005002350074092891,-0.005002350074092887,-0.0007735560553606691,0.00023412057991002456,0.0,1.4325553045713413
2024-01-31,-0.013931104242106685,-0.01393110424210664,-0.016317133505729275,-0.015002616799999924,0.0,1.412598227290775
2024-02-01,0.02081597535560907,0.020815975355608973,0.013087982464198511,0.015959735849935982,0.0,1.4420028371774367
2024-02-02,0.013170239153315904,0.013170239153315944,0.01052742519772587,0.013843276339247696,0.0,1.4609943594028236
2024-02-05,-0.008604240495792035,-0.009879063362631224,-0.003641195932157837,-0.0034872501295877675,1.285886947384943,1.4465611035538364
2024-02-06,1.1422314022689715e-05,1.1422314022624391e-05,0.0029033178002926263,0.010121771265434515,0.0,1.446577626629014
2024-02-07,0.02466829765492958,0.024668297654929505,0.008340432139916976,0.013380107514804748,0.0,1.48226223410366
2024-02-08,0.013912123979837739,0.013912123979837654,0.0004416242430944628,0.018186106277281622,0.0,1.5028836500751412
2024-02-09,0.013531141535120104,0.013531141535120028,0.005779399036627941,0.006023582338883211,0.0,1.5232193814551258
2024-02-12,-0.0024028354961372618,-0.00240283549613729,-0.00043889276081610085,0.005872339948519833,0.0,1.5195593358569612
2024-02-13,-0.012722516342843765,-0.012722516342843715,-0.013773051359759259,-0.015617370193459532,0.0,1.5002267173726003
2024-02-14,0.05112014252748199,0.05112014252748209,0.009087730494851787,0.01956247643008788,0.0,1.5769185209882242
2024-02-15,0.010015723071026312,0.010015723071026272,0.006899666726297271,0.010429380456383731,0.0,1.5927125002000146
2024-02-16,-0.0015227604712359708,-0.0015227604712360066,-0.004979973581171526,-0.00398148503748399,0.0,1.5902871805626666
2024-02-20,-0.020134485021930697,-0.020134485021930715,-0.005505444268469661,-0.008915735639290929,0.0,1.5582675671450592
2024-02-21,-0.03862537392297477,-0.038625373922974715,0.0009058194580879864,-0.007014598466748191,0.0,1.4980788996920371
2024-02-22,0.05328334818521056,0.05328334818521063,0.02069567938996464,0.02664994842532448,0.0,1.577901559313245
2024-02-23,-0.00013557019528122154,-0.0001355701952812094,0.0006894100752243837,-0.004130213048307188,0.0,1.5776876428907145
2024-02-26,0.02792678962153284,0.027926789621532944,-0.0036623936883167785,0.011645164702225793,0.0,1.6217473937822158
2024-02-27,0.006946116569259251,0.006946116569259253,0.0018576860509953441,0.007645312311388548,0.0,1.6330122402253193
2024-02-28,-0.0032969076497265737,-0.003296907649726566,-0.0013216408439921112,0.0038012777937325,0.0,1.6276283496784234
2024-02-29,0.011847917035642027,0.01184791703564203,0.0035949680507312287,0.0066150689915987415,0.0,1.6469123553302722
2024-03-01,0.01477180560557238,0.014771805605572341,0.009388268828250945,0.011392593381093094,0.0,1.6712402244926263
2024-03-04,0.01640716388538933,0.01640716388538932,-0.0010724602446435805,0.005605290691436627,0.0,1.6986605367477317
2024-03-05,-0.024926922312116753,-0.024926922312116795,-0.0099940695152958,-0.015939788567916145,0.0,1.6563181575135624
2024-03-06,0.03053857317388128,0.029443632177313495,0.005067129266034254,0.015621662470704007,1.0624939474079398,1.7050861801119972
2024-03-07,0.013509753291400825,0.013509753291400806,0.009926452811681807,0.012723129340202926,0.0,1.7281214737458872
2024-03-08,0.00567275045966162,0.005672750459661646,-0.006002148479328895,-0.0071802397087109065,0.0,1.7379246756304303
2024-03-11,-0.011036371141206425,-0.01103637114120648,-0.0008598627660008074,-0.005691001279233773,0.0,1.718744293894712
2024-03-12,0.02061127419480753,0.02061127419480746,0.010757411600059497,0.012341520834889439,0.0,1.7541698038069367
2024-03-13,0.001511972392567526,0.0015119723925676176,-0.0015675903493668208,0.0030154722567367225,0.0,1.7568220601221685
2024-03-14,-0.015495088000464688,-0.01549508800046473,-0.0019767611898465764,-0.005069820193273266,0.0,1.7295999476994177
2024-03-15,-0.003486208399970225,-0.0034862083999702698,-0.0068664632814759985,-0.0047718499660529,0.0,1.7235702018331598
2024-03-18,0.004655463000556314,0.004655463000556415,0.00594303192308776,0.003515963520702809,0.0,1.7315942191366556
2024-03-19,-0.006534295045711389,-0.006534295045711347,0.005557150184218873,0.001435805413281239,0.0,1.7202794716093686
2024-03-20,0.040411149903974215,0.04041114990397432,0.009249038280390698,0.014707245423426786,0.0,1.7897979432133044
2024-03-21,0.002766533464671002,0.0027665334646709283,0.0033049133466593883,0.010286908246440726,0.0,1.7947494791182033
2024-03-22,-0.006635677801857681,-0.006635677801857698,-0.001895753427099356,-0.004149602192421391,0.0,1.782840099839723
2024-03-25,0.02968986559798891,0.029689865597988918,-0.002762893714458925,0.01249999762016198,0.0,1.8357723827866694
2024-03-26,-0.008585195273248074,-0.00858519527324808,-0.0018468514044669426,-0.0016665982638702692,0.0,1.82001191840321
2024-03-27,-0.003331261369597238,-0.0033312613695972715,0.008403804005759907,0.0017884219368237274,0.0,1.8139489830072268
2024-03-28,-0.010465856165684288,-0.010465856165684295,-0.0001910389836942139,-0.006079215674363243,0.0,1.7949644538591838
2024-04-01,-0.006226417525645628,-0.006226417525645678,-0.0017398714263895387,-0.0033444552512758795,0.0,1.783788255725764
2024-04-02,-0.011312911913477544,-0.011312911913477497,-0.006358135831139422,-0.005384047887440228,0.0,1.7636084163164427
2024-04-03,0.014101223361813795,0.014101223361813853,0.001098474941059191,0.005253043735675016,0.0,1.7884774525176956
2024-04-04,-0.009891136065310252,-0.009891136065310224,-0.012206030849658323,-0.01426362224237637,0.0,1.7707873786851036
2024-04-05,0.0024651622536882405,0.00105299370943146,0.01044679614420052,0.013629381055614715,1.4086958803456693,1.7726520066555997
2024-04-08,-0.010164667889164642,-0.010164667889164591,0.0005593746610834671,0.0012231091923810822,0.0,1.7546335877248844
2024-04-09,-0.011179181284302217,-0.011179181284302175,0.001156792372928317,-0.003596625210528932,0.0,1.7350182207601825
2024-04-10,-0.0026180583603176485,-0.002618058360317699,-0.010013104941827389,-0.003990937682791682,0.0,1.7304758418020179
2024-04-11,0.01876518270525888,0.018765182705258843,0.0075469239004943844,0.010451364602323633,0.0,1.7629485371404694
2024-04-12,-0.023363606730127558,-0.023363606730127606,-0.013803148699223056,-0.019379735736218623,0.0,1.7217597008332657
2024-04-15,-0.01812769998506802,-0.018127699985068024,-0.012528167471685281,-0.018233154755338876,0.0,1.6905481575301797
2024-04-16,0.00044245732380275674,0.00044245732380265856,-0.0018237877465197005,-0.000865839351743376,0.0,1.69129615294372
2024-04-17,-0.016097586034738688,-0.016097586034738653,-0.005918238137195275,-0.01222212371061666,0.0,1.664070367611486
2024-04-18,-0.01396748259998662,-0.013967482599986591,-0.0020577059283769517,-0.003427587962953049,0.0,1.6408274937067193
2024-04-19,-0.022939050900310176,-0.02293905090031023,-0.008728272490450717,-0.017047928559401303,0.0,1.6031884683099524
2024-04-22,0.011284229543718693,0.011284229543718771,0.00920900708554595,0.014120731202615772,0.0,1.621279214988205
2024-04-23,0.02320007366960241,0.023200073669602306,0.011866701043813821,0.017753131192329505,0.0,1.6588930122149264
2024-04-24,-0.001794725185799461,-0.001794725185799484,-0.0004746523967652516,-0.0013316135675600816,0.0,1.6559157551453574
2024-04-25,0.002326138565647555,0.002326138565647451,-0.0037988363571601624,-0.0013826003072722037,0.0,1.6597676446448641
2024-04-26,0.014178058336234933,0.014178058336234978,0.00947376696647173,0.013063801121941299,0.0,1.6832999271352345
2024-04-29,0.009767084231255586,0.009767084231255607,0.0035416125445661972,0.005513765116980052,0.0,1.6997408593100307
2024-04-30,-0.013989328354185291,-0.013989328354185315,-0.01584134908431678,-0.020414277219773513,0.0,1.6759626263121177
2024-05-01,-0.004511201697607787,-0.00451120169760777,-0.0032470881221556835,-0.006522478754453871,0.0,1.6684020208671713
2024-05-02,0.02094549775373134,0.020945497753731335,0.009353512889979765,0.013667944033416157,0.0,1.7033475316475655
2024-05-03,0.025125148905906676,0.02512514890590678,0.012395331774329055,0.015513107500046173,0.0,1.7461443920187194
2024-05-06,0.022294835759788578,0.0210005937541633,0.010326733612151306,0.01684635755930648,1.2660163783995908,1.782814461031615
2024-05-07,-0.008434333940939981,-0.008434333940939953,0.0011033020796804571,-0.0006840701871185861,0.0,1.7677776085125374
2024-05-08,-0.010944450893513601,-0.010944450893513591,9.67241951392861e-05,0.0006358916882492061,0.0,1.7484302532855192
2024-05-09,0.015088304641253707,0.01508830464125377,0.005761623005915428,0.007866078466370958,0.0,1.7748111015910755
2024-05-10,0.0032127463417668664,0.0032127463417668256,0.0012884100932688547,0.0016669604823814899,0.0,1.7805131194650394
2024-05-13,0.0132344577893374,0.013234457789337295,0.00013436764528185208,0.0023298708662487953,0.0,1.8040772451879608
2024-05-14,0.014683604391813116,0.014683604391813043,0.004587800948653742,0.0093313679812539,0.0,1.8305676017485726
2024-05-15,0.014490554016856533,0.014490554016856505,0.01238337025597902,0.01724530735219774,0.0,1.8570935404632178
2024-05-16,-0.014474739010814378,-0.01447473901081442,-0.0020575211449046504,-0.007615686403804782,0.0,1.8302125961463434
2024-05-17,0.01501847944965418,0.015018479449654176,0.001437661953342273,0.007958799938772956,0.0,1.8576996064100655
2024-05-20,0.003921648737016718,0.003921648737016614,0.0011520538191809315,0.0038528858087067295,0.0,1.8649848517252998
2024-05-21,-0.008012481679642545,-0.008012481679642525,0.0024523481369402855,0.002125424560668887,0.0,1.85004169476804
2024-05-22,-0.002384820529459902,-0.0023848205294598745,-0.002879278736429791,-0.006131496024285252,0.0,1.8456296773540004
2024-05-23,-0.022556828249950357,-0.02255682824995031,-0.007304162035511652,-0.008978125713366068,0.0,1.803998125708915
2024-05-24,0.017046484558296778,0.017046484558296715,0.006616156048611765,0.014035713788270477,0.0,1.8347499519020083
2024-05-28,0.01353860092162718,0.013538600921627175,0.0006991068835566772,0.005179187495958795,0.0,1.8595898992917843
2024-05-29,-0.008393411188510048,-0.008393411188510003,-0.007002393167570453,-0.010971780653374334,0.0,1.8439815966250284
2024-05-30,-0.005075866743031426,-0.005075866743031399,-0.006633994220804018,-0.004231227716289925,0.0,1.8346217917639573
2024-05-31,-0.00457546810062698,-0.004575468100627034,0.009108274712344322,0.0016770643549899788,0.0,1.826227538279026
2024-06-03,-0.0003143588656807524,-0.0003143588656807639,0.0008153592768926909,-0.002000945110971182,0.0,1.8256534474616177
2024-06-04,0.002936041135181151,0.002936041135181089,0.0011177710514636008,-0.0011416117134489467,0.0,1.8310136410819502
2024-06-05,0.030884577932990223,0.02922667777014576,0.011885299916094771,0.021106359149403033,1.6082306383599188,1.8845280867625938
2024-06-06,-0.0065797949102458925,-0.006579794910245851,-1.875747881197043e-05,0.0016094425393315714,0.0,1.8721282784490978
2024-06-07,-0.010688145141456383,-0.010688145141456329,-0.0012156246633115986,-0.0044156739901301005,0.0,1.8521186996856092
2024-06-10,0.01537989392369064,0.015379893923690657,0.003089536096547718,0.00833698523934207,0.0,1.8806040888208577
2024-06-11,0.009465457103215544,0.009465457103215558,0.002408456253496727,0.001986180698846758,0.0,1.8984048661517234
2024-06-12,0.020842511689049416,0.02084251168904938,0.008213109386135509,0.010970058112650742,0.0,1.9379723917650389
2024-06-13,-0.013656455860431198,-0.013656455860431183,0.002013625404539976,-0.0013683491570072048,0.0,1.9115065573381653
2024-06-14,-0.0038985033925902903,-0.0038985033925902357,0.0006082699757292698,-0.0018665818043362337,0.0,1.904054542539424
2024-06-17,-0.0014499996378072142,-0.001449999637807231,0.007958827233005561,0.00823401947763523,0.0,1.9012936641423765
2024-06-18,0.011342815003412818,0.01134281500341272,0.0025404910088340227,0.005394525089504503,0.0,1.9228596864419043
2024-06-20,-0.014058426258975605,-0.014058426258975576,-0.0027163304842471314,-0.004309662055771963,0.0,1.8958273053337038
2024-06-21,-0.004826974036709943,-0.004826974036709952,-0.001340607764340862,-0.004468061842644641,0.0,1.8866761961527723
2024-06-24,-0.020328734311434844,-0.020328734311434893,-0.0032505100436721612,-0.004748592876130149,0.0,1.8483224570294738
2024-06-25,0.03804921902129336,0.03804921902129332,0.003850638200485923,0.010006009105548894,0.0,1.9186496830189632
2024-06-26,-0.0024337759914747834,-0.0024337759914747625,0.0012481564062454265,-0.0006305403668122933,0.0,1.913980119484381
2024-06-27,0.007135716643128276,0.007135716643128287,0.0015765761896335828,0.001783161557898576,0.0,1.9276377392776025
2024-06-28,-0.01255737170758911,-0.012557371707589082,-0.0039351790968482625,-0.002978468646122132,0.0,1.903431675667917
2024-07-01,0.012195236179727115,0.012195236179727065,0.0020579089257337646,0.0015326289135365356,0.0,1.926644474504661
2024-07-02,0.013805082048930628,0.013805082048930606,0.006729892212882227,0.00748153804697204,0.0,1.9532419595543165
2024-07-03,0.017381418529899714,0.017381418529899717,0.00446263401814706,0.007509606847889016,0.0,1.9871920755434915
2024-07-05,-0.008659573824306885,-0.008659573824306932,0.005766370396420806,0.007646993941264133,0.0,1.969983839062245
2024-07-08,0.011056560614365126,0.009860224602402434,0.0011538715866978855,0.003172426233777803,1.1832533001275634,1.9894083221785017
2024-07-09,0.001846617289019715,0.001846617289019692,0.0009725098044246483,-0.0006179179835466986,0.0,1.9930819979811563
2024-07-10,0.01452221673073806,0.014522216730738169,0.009895281643110376,0.008015329154994432,0.0,2.022025966717971
2024-07-11,-0.01670223956534811,-0.01670223956534811,-0.008622676907853233,-0.008077828236799136,0.0,1.988253604614493
2024-07-12,0.005370757401754174,0.005370757401754078,0.006307627031391316,0.006916537703618077,0.0,1.9989320323780404
2024-07-15,-0.00852323403095759,-0.00852323403095756,0.0027499531948973477,0.006372966059264798,0.0,1.9818946668541046
2024-07-16,-0.0030342817882059578,-0.0030342817882059725,0.005930227447594305,0.004949472437502276,0.0,1.9758810399603266
2024-07-17,-0.04257296566975505,-0.0425729656697551,-0.014021017533931812,-0.02370940146218865,0.0,1.8917619242785757
2024-07-18,-0.009837614687732458,-0.009837614687732477,-0.007684978589016733,-0.011447615704043495,0.0,1.8731514993865996
2024-07-19,-0.006583896774479207,-0.0065838967744792365,-0.006640528727991368,-0.0001564895590587123,0.0,1.8608188632716773
2024-07-22,0.018202449725305617,0.018202449725305714,0.010309968244979206,0.008512196352171124,0.0,1.8946903250782805
2024-07-23,0.005563903400547625,0.005563903400547687,-0.00156861958772736,-6.608096784372908e-06,0.0,1.9052321990209684
2024-07-24,-0.04208873308664888,-0.042088733086648844,-0.022662421599522586,-0.030846314370811444,0.0,1.8250433895282858
2024-07-25,-0.022077647598792795,-0.022077647598792827,-0.005210539336304998,-0.008177461442903846,0.0,1.784750724721774
2024-07-26,0.000432915779481565,0.00043291577948156856,0.0111997866618887,0.012945142846224928,0.0,1.7855233714729473
2024-07-29,-0.0005723562599308325,-0.0005723562599307952,0.0005876872126906463,-0.0047748248778803435,0.0,1.784501415994032
2024-07-30,-0.021230957874166193,-0.02123095787416618,-0.005066326870009408,-0.012028063476658161,0.0,1.746614741604673
2024-07-31,0.05049154228728776,0.050491542287287805,0.016254615253643134,0.025963237642776943,0.0,1.8348040136900055
2024-08-01,-0.012768691471837894,-0.0127686914718379,-0.0141609832922176,-0.02201763022820451,0.0,1.811375967327908
2024-08-02,-0.029261828307405462,-0.029261828307405424,-0.018618371424376612,-0.023381797540757487,0.0,1.7583717947717983
2024-08-05,-0.031103342435904777,-0.031103342435904735,-0.029123751439333545,-0.025286251920565044,0.0,1.7036805547093747
2024-08-06,0.02440253671105707,0.023372298972972105,0.009219607809513253,0.01774875181307838,1.0056961996525766,1.7434994859884811
2024-08-07,-0.001108400852065687,-0.0011084008520656496,-0.006683924717119649,-0.012299321779500614,0.0,1.7415669896726356
2024-08-08,0.0021552418183661787,0.002155241818366127,0.02311711741230904,0.03622080789125119,0.0,1.745320487678264
2024-08-09,0.00014127417264744356,0.00014127417264742093,0.004409693130006165,0.006043139551361301,0.0,1.7455670563861654
2024-08-12,-2.5664188475155733e-05,-2.566418847516072e-05,0.0005255223572662171,-0.0005329514872011786,0.0,1.7455222578242342
2024-08-13,0.0003920022648354678,0.00039200226483537826,0.01644549418204444,0.017727482770233897,0.0,1.7462065065026218
2024-08-14,0.0008564995043409966,0.0008564995043409684,0.0031547803065354874,0.003696393803443445,0.0,1.7477021315099182
2024-08-15,0.0032907378154042872,0.003290737815404343,0.017140279968171024,0.019004249259188956,0.0,1.7534533610041405
2024-08-16,0.0003566322791587063,0.0003566322791586085,0.0022421066199815876,0.00036366617994993745,0.0,1.7540786990726738
2024-08-19,0.0007524849876883058,0.0007524849876883177,0.009561430105987645,0.010193668203563227,0.0,1.75539861696095
2024-08-20,0.0002736031104276754,0.00027360311042756713,-0.0016261720245489553,-0.0016063541928850046,0.0,1.7558788994825907
2024-08-21,0.0005670893885621681,0.000567089388562092,0.003436571382049669,0.007479196373655026,0.0,1.7568746397740873
2024-08-22,-0.00011650601323366376,-0.00011650601323365262,-0.007848624874648658,-0.00986138935373052,0.0,1.756669953314056
2024-08-23,0.0016258702632967845,0.001625870263296747,0.010625387116536933,0.015129672979729735,0.0,1.7595260707535763
2024-08-26,0.0008472623930371754,0.0008472623930371181,-0.0023838081109496256,-0.006656461696086571,0.0,1.761016851022894
2024-08-27,2.616200171175074e-05,2.6162001711682592e-05,0.0013731822465194998,0.0010844440359628104,0.0,1.7610629227487649
2024-08-28,-0.0004197910161941588,-0.0004197910161941598,-0.005805296430382967,-0.011764774747370123,0.0,1.7603236443548422
2024-08-29,0.0001885611978085319,0.00018856119780852332,8.941711011511977e-05,0.006333290962354754,0.0,1.7606555730897524
2024-08-30,0.0010856203838795256,0.0010856203838796041,0.00954607361380333,0.01056053242870033,0.0,1.7625669766688898
2024-09-03,-0.0005344099781331668,-0.0005344099781331435,-0.020578918275010016,-0.031820621643987544,0.0,1.76162504328943
2024-09-04,-0.0002235361233407976,-0.0002235361233408062,-0.0020467176748472093,-0.0011804834522851349,0.0,1.761231256456473
2024-09-05,-0.0016065353719012542,-0.002136736705219633,-0.002432293711486455,-0.004093476630848882,0.5310544911427948,1.7574679689844224
2024-09-06,-0.011860579650485353,-0.01186057965048537,-0.016830203968230317,-0.02169224102233892,0.0,1.7366233801551059
2024-09-09,0.009721704161999186,0.009721704161999245,0.011196137881657853,0.020773440852126325,0.0,1.7535063188977849
2024-09-10,0.006724529812907666,0.00672452981290772,0.00435591585377737,0.005613439629113577,0.0,1.765297824416335
2024-09-11,0.015464010639558733,0.015464010639558712,0.010258734559868365,0.013254996352863228,0.0,1.7925964087550992
2024-09-12,0.0020398943269671066,0.002039894326967051,0.008423348989226254,0.008110346699909045,0.0,1.7962531159998603
2024-09-13,0.0074438366441700494,0.007443836644170032,0.005222895000991157,0.012133566469549648,0.0,1.8096241307669447
2024-09-16,-0.007143621156181827,-0.007143621156181834,0.0014767043578509664,0.0006100777512755151,0.0,1.7966968615416608
2024-09-17,-0.0003721838473046428,-0.00037218384730464127,0.00040873357753001827,0.0004565311013201279,0.0,1.796028159991292
2024-09-18,-0.0009169263256975516,-0.0009169263256975091,-0.0029658249921354907,-0.0011957304049058726,0.0,1.794381334489702
2024-09-19,0.01600872889180114,0.01600872889180116,0.01706426753929513,0.02031866530833737,0.0,1.823107098802056
2024-09-20,0.01271812954506032,0.012718129545060242,-0.0017286028901163375,0.009776099627205128,0.0,1.8462936110591395
2024-09-23,0.0026599299180322497,0.002659929918032322,0.0024989046670664816,0.007052371010462326,0.0,1.8512046226726675
2024-09-24,0.0036646678581588026,0.0036646678581588876,0.002861268497158287,0.005514074706128045,0.0,1.8579886727522512
2024-09-25,0.005020726067648464,0.005020726067648473,-0.0022054649913506585,0.00026286356173428784,0.0,1.867317124914934
2024-09-26,0.011267758360099472,0.011267758360099522,0.003964690509809632,0.006619372585795409,0.0,1.8883576030601512
2024-09-27,-0.0008600053175378062,-0.0008600053175378264,-0.0014503989358952696,0.0002450622262984137,0.0,1.8867336054801065
2024-09-30,-0.0016915026632447275,-0.0016915026632446928,0.004007306781378839,-0.000688195889441805,0.0,1.8835421905616037
2024-10-01,-0.010297201613789008,-0.010297201613788998,-0.008958387433809278,-0.007610306869004313,0.0,1.8641469768773131
2024-10-02,0.001271167597747341,0.001271167597747258,0.00042185458712906687,0.0023115461457336294,0.0,1.866516620111758
2024-10-03,0.0061267041368067475,0.0061267041368067154,-0.0018279591909807769,0.0009222757494866474,0.0,1.8779522152096153
2024-10-04,0.01012904081727194,0.009067077424016468,0.009087204273414695,0.01568000890692427,1.0513145849130476,1.8949797533435242
2024-10-07,-0.008402486834685613,-0.008402486834685585,-0.009040375451706217,-0.008140171127993652,0.0,1.8790572109140595
2024-10-08,0.0010593883130621544,0.0010593883130620707,0.009457661081755386,0.007806913730192826,0.0,1.8810478621628768
2024-10-09,0.006517254166752355,0.0065172541667524175,0.006926373524267282,0.005897753314244305,0.0,1.8933071291804184
2024-10-10,0.006004632538539869,0.006004632538539889,-0.0017501446222122352,-0.001338971208147417,0.0,1.9046757427737446
2024-10-11,0.02970051599087517,0.029700515990875198,0.005988234357958255,0.013426577244612247,0.0,1.9612455951294283
2024-10-14,-0.006267906547707235,-0.006267906547707258,0.008178347889252757,0.006450129439581163,0.0,1.9489526910220545
2024-10-15,-0.020495246516966936,-0.02049524651696699,-0.0077698163523149955,-0.01344585221297734,0.0,1.9090084251696513
2024-10-16,0.00913006531215417,0.009130065312154212,0.004346629814820702,0.00890921295753658,0.0,1.926437796772903
2024-10-17,-0.0010943907921501558,-0.001094390792150124,8.579045798295937e-05,0.0004865353212870316,0.0,1.9243295209864648
2024-10-18,0.007957437960099387,0.00795743796009929,0.003846548369420555,0.010468290532503659,0.0,1.9396422537645022
2024-10-21,-0.0018134476362855938,-0.0018134476362855478,-0.001642173469649788,-0.0036645055012072803,0.0,1.9361248141041734
2024-10-22,-0.0037792318867156814,-0.003779231886715695,-0.00053117967032279,-0.0046127798390735416,0.0,1.9288077494700493
2024-10-23,-0.016307634400875806,-0.016307634400875792,-0.009137365781024864,-0.01020824023865863,0.0,1.8973534578621156
2024-10-24,0.002337099734563388,0.0023370997345633082,0.0021628023642212835,0.006809409160933302,0.0,1.901787762124858
2024-10-25,0.0027384430638710267,0.0027384430638710544,-0.00034551232929502795,0.001479969968026491,0.0,1.9069956996310036
2024-10-28,0.004634025081830239,0.004634025081830195,0.0030914301936280086,0.004231657177994122,0.0,1.915832765534036
2024-10-29,0.017637498192261795,0.01763749819226179,0.0016182723864499593,0.0028962410888405186,0.0,1.9496232624728185
2024-10-30,0.010303250632429345,0.010303250632429428,-0.0030252095082050623,0.0009849026616082402,0.0,1.9697107195848906
2024-10-31,-0.03657138087045494,-0.03657138087045497,-0.019602980971893724,-0.017615544144639797,0.0,1.8976756786543336
2024-11-01,0.012737731864455589,0.012737731864455482,0.004220478802908323,0.0005120422920597067,0.0,1.921847762614731
2024-11-04,-0.00289622812766774,-0.004322947817364198,-0.0021541107650125957,-0.006259055915167519,1.4308637976740817,1.9135397150240294
2024-11-05,0.03142863367949978,0.03142863367949977,0.012091816210165529,0.021875510081261186,0.0,1.973679653758694
2024-11-06,0.01369896583672897,0.013698965836729027,0.024865814530158126,0.033523163045715926,0.0,2.0007170239081815
2024-11-07,0.013483708282362585,0.013483708282362672,0.007732061163874038,0.009652138197509805,0.0,2.0276941086141163
2024-11-08,0.007561645705698577,0.007561645705698616,0.004331607062928011,0.008530447794883734,0.0,2.0430268130629887
2024-11-11,0.017583841604205667,0.017583841604205563,0.0009528858299909793,0.007580704217487395,0.0,2.0789510729370333
2024-11-12,-0.008327321057546563,-0.008327321057546522,-0.0031062323344024367,-0.006619974228203231,0.0,2.061638979889756
2024-11-13,-0.012081894019146005,-0.012081894019146056,0.0004857686482722112,-0.004446149639661512,0.0,2.0367304762289873
2024-11-14,-0.011334933758326527,-0.011334933758326504,-0.006430206460433574,-0.008345154796105031,0.0,2.013644271197367
2024-11-15,-0.0037104923536822477,-0.00371049235368226,-0.01280864082508093,-0.006125293442793674,0.0,2.006172659526053
2024-11-18,-0.011500552273159298,-0.01150055227315927,0.004097303786948725,0.008567922809558561,0.0,1.9831005659861909
2024-11-19,0.017097056476919618,0.017097056476919725,0.0036555808849032534,0.010665686193403589,0.0,2.0170057483622683
2024-11-20,0.015352980861423178,0.015352980861423227,0.0003386166964516324,0.00245567424359439,0.0,2.047972799014255
2024-11-21,-0.009223143566153011,-0.009223143566153058,0.005368564834539624,0.0080775759899867,0.0,2.0290840518693702
2024-11-22,0.014149088286248742,0.014149088286248723,0.00309939412825333,0.006261999790455921,0.0,2.057793741259489
2024-11-25,0.007569479601457805,0.007569479601457818,0.003392105066349016,0.0005683818741212887,0.0,2.0733701690079602
2024-11-26,-0.0008260892012500907,-0.0008260892012500465,0.005221484926557496,0.002487324638308679,0.0,2.071657380301149
2024-11-27,0.004586861543934905,0.004586861543934839,-0.0030301917856291327,-0.0033258849014420446,0.0,2.081159785871061
2024-11-29,0.008034277636171538,0.008034277636171483,0.006212154403273384,0.005059290116598709,0.0,2.0978804013959844
2024-12-02,0.005673870734981083,0.005673870734981046,0.0017924307507057868,0.002384396847700707,0.0,2.1097835036109553
2024-12-03,0.005035328598377112,0.005035328598377076,0.0004637390430815014,0.003574766236740763,0.0,2.120406956823072
2024-12-04,0.01410526953085278,0.012441540789429384,0.006209510619023417,0.009327616157602043,1.6405878081997927,2.146788086466576
2024-12-05,-0.009330952642220091,-0.009330952642220058,-0.0016456371446975648,-0.005961930809898306,0.0,2.126756508498874
2024-12-06,0.005743501586985094,0.005743501586985111,0.0018956945975732165,0.006708991187822637,0.0,2.1389715378805683
2024-12-09,-0.014492909350786254,-0.014492909350786287,-0.0051497755511149546,-0.013883122631375713,0.0,2.107971617278153
2024-12-10,-0.00403474734155739,-0.004034747341557399,-0.003108888350939698,-0.006678526514103524,0.0,2.0994664843992616
2024-12-11,0.004369436422622043,0.004369436422622108,0.007730636209670516,0.012887124258577456,0.0,2.1086399697242704
2024-12-12,-0.009291642951168575,-0.009291642951168577,-0.00515274218354822,-0.00702672676954204,0.0,2.0890472400130293
2024-12-13,0.000550452767719843,0.0005504527677198112,-0.00019841204399240198,0.006365756683683228,0.0,2.090197161848192
2024-12-16,0.005337373406110601,0.005337373406110624,0.004269849806811443,0.003477730605940521,0.0,2.1013533245933687
2024-12-17,0.004182893927400501,0.004182893927400455,-0.004120094133105434,-0.006991099978614288,0.0,2.110143062654133
2024-12-18,-0.023660352712026374,-0.023660352712026378,-0.029803361147563545,-0.03468764627868696,0.0,2.0602163335189005
2024-12-19,-0.0164169493945602,-0.016416949394560176,-0.0003071527492615189,-0.006682755474891795,0.0,2.0263938662296743
2024-12-20,0.00650007641808301,0.006500076418082923,0.012010907432213225,0.014351234059689189,0.0,2.0395655812133016
2024-12-23,0.007476909458528111,0.00747690945852808,0.0059884194905495125,0.004450399385399968,0.0,2.0548152283987635
2024-12-24,0.01069912345771477,0.010699123457714732,0.011114993282984376,0.014514343865971509,0.0,2.0767999502101944
2024-12-26,-0.00396790800203171,-0.003967908002031728,6.659179477574995e-05,-0.00240170326774664,0.0,2.0685593990691364
2024-12-27,-0.00915344647073409,-0.009153446470734128,-0.010526584203640499,-0.011890841315760275,0.0,2.049624951338223
2024-12-30,-0.010451518251949598,-0.010451518251949565,-0.011411482033024556,-0.014095640450311295,0.0,2.0282032587496603
2024-12-31,-0.006176197006124261,-0.006176197006124262,-0.0036380299989984266,-0.00646143094394513,0.0,2.0156766758551594
2025-01-02,0.015593948222499023,0.015593948222498932,-0.0024570180723657575,0.007557242422921282,0.0,2.0471090335717435
2025-01-03,0.014296096197792771,0.014296096197792707,0.012503297047756545,0.022676390097965467,0.0,2.0763747012430556
2025-01-06,0.019628824786171162,0.017724347490118975,0.005760720256781537,0.010876354535919223,1.867814296493235,2.1131770879675793
2025-01-07,-0.02126711276079281,-0.02126711276079285,-0.0113040442551956,-0.01318581115477565,0.0,2.068235912554249
2025-01-08,-0.000300014862861314,-0.00030001486286135304,0.0014609058966514876,-0.0021359022805028816,0.0,2.0676154110405793
2025-01-10,-0.009965891468481024,-0.009965891468481036,-0.015267427998534089,-0.005288376888379957,0.0,2.04700978025559
2025-01-13,0.000692450399064677,0.0006924503990646258,0.001550370850589733,-0.00298392569699615,0.0,2.048427232994817
2025-01-14,0.008998576879959924,0.008998576879959863,0.001376057202634895,0.0049689438941724505,0.0,2.0668601629339243
2025-01-15,0.017735539941448074,0.017735539941448053,0.01819002884394938,0.023173525775914517,0.0,2.1035170439070265
2025-01-16,0.009395642264273871,0.009395642264273807,-0.00192320642202648,0.004983876717043609,0.0,2.1232809375483797
2025-01-17,0.018593501957402753,0.018593501957402836,0.010039901270404217,0.009439375558168603,0.0,2.1627601658168016
2025-01-21,0.019016134795076987,0.019016134795077022,0.009153376558130866,0.015121959948504666,0.0,2.203887504659397
2025-01-22,-0.0009312642616206735,-0.0009312642616207123,0.005621641854193671,0.007371383180911695,0.0,2.201835102989675
2025-01-23,0.004534995018370531,0.0045349950183706245,0.00545805853915704,0.006203271751995996,0.0,2.211820414213007
2025-01-24,-0.0009715809944027047,-0.0009715809944027542,-0.0029193667721001404,-0.004185328779080595,0.0,2.2096714515355256
2025-01-27,-0.02052731591836543,-0.02052731591836543,-0.01414515344593592,-0.027409565421620583,0.0,2.164312827574063
2025-01-28,0.007810579983361813,0.007810579983361876,0.008592210851586568,0.010017387170199812,0.0,2.181217366022846
2025-01-29,0.003555689063682993,0.0035556890636829763,-0.004482967158625062,0.0008767125066639214,0.0,2.1889730967567287
2025-01-30,0.005588528040347865,0.005588528040347818,0.005367289131639197,0.01630953515573379,0.0,2.2012062342875205
2025-01-31,0.0019114302092950843,0.001911430209295073,-0.005322013140813708,-0.0066374589996364315,0.0,2.205413686380626
2025-02-03,0.005536556193924812,0.005536556193924902,-0.006729655863189077,-0.0026118517807977937,0.0,2.2176240831861236
2025-02-04,0.037023435446633765,0.03702343544663367,0.006708369785656254,0.015187985452436983,0.0,2.299728145274865
2025-02-05,0.00484702254496833,0.004847022544968382,0.004054526223509436,0.003777391411682165,0.0,2.3108749794423105
2025-02-06,0.013357497685391679,0.011693065152204918,0.0034756291897781733,0.005135476250229574,1.6424929375747026,2.3378961911355294
2025-02-07,0.008694861431949849,0.008694861431949752,-0.00915361540214743,-0.004395859184172848,0.0,2.358223874559736
2025-02-10,0.023415088886918654,0.023415088886918678,0.006791328320455037,0.011423050639758254,0.0,2.413441896197806
2025-02-11,-0.01309942146450288,-0.013099421464502825,0.0007605411152529218,-0.004835661212253219,0.0,2.381827203619422
2025-02-12,0.012345887928983034,0.012345887928983057,-0.003221484742329972,-0.0002203398467214468,0.0,2.4112329753415107
2025-02-13,0.014707228003859443,0.014707228003859374,0.010557500301983769,0.009818112291954714,0.0,2.4466955284802827
2025-02-14,0.001068634819312611,0.0010686348193125195,-4.917696795181392e-05,-0.0024660692472517278,0.0,2.449310152514273
2025-02-18,0.0158738109057073,0.015873810905707275,0.0029357955473410247,0.0034299590733763807,0.0,2.4881900387247136
2025-02-19,-0.01833854624707792,-0.01833854624707787,0.0023549188372289365,-0.003534533972335445,0.0,2.4425602506280417
2025-02-20,-0.008900336518763837,-0.008900336518763874,-0.004160346116164559,-0.010179355222706188,0.0,2.4208206424300958
2025-02-21,-0.037380394515376426,-0.03738039451537645,-0.01710400613660845,-0.02553673846780665,0.0,2.3303294117650917
2025-02-24,-0.030360979686582915,-0.030360979686582912,-0.004550406396044981,-0.013877954591491165,0.0,2.259578327831445
2025-02-25,-0.01793987246936088,-0.017939872469360907,-0.004973390324342075,-0.010998905833212842,0.0,2.219041780795617
2025-02-26,0.02127862513058185,0.021278625130581874,0.0005051110236118372,0.00897932564423823,0.0,2.2662599389982656
2025-02-27,-0.03813870543995909,-0.03813870543995912,-0.01596201227358751,-0.022466678167878645,0.0,2.179827718734431
2025-02-28,0.009894221471476308,0.009894221471476339,0.0156054888944539,0.01606528755968301,0.0,2.2013954169532526
2025-03-03,-0.02949246258253822,-0.029492462582538237,-0.01751997766630431,-0.023124008856044202,0.0,2.1364708449893874
2025-03-04,0.0025975483268845497,0.0025975483268845245,-0.011836867992038314,-0.004672063680392178,0.0,2.1420204312582274
2025-03-05,0.032967039070934234,0.032967039070934234,0.010747839611165988,0.017278191532577286,0.0,2.212636502506257
2025-03-06,-0.04315002165336715,-0.04315002165336712,-0.01775115672124894,-0.030263710589869056,0.0,2.1171611895120814
2025-03-07,0.013226001188750084,0.01322600118875017,0.005604777447865361,0.00010754153009256085,0.0,2.145162765921344
2025-03-10,-0.04545033909747662,-0.046714290640477274,-0.026635406729509925,-0.04259234965840537,1.3241338767074455,2.044953009002964
2025-03-11,-0.005844376516566167,-0.005844376516566219,-0.008313000999340847,0.008559736982678083,0.0,2.033001533659666
2025-03-12,-0.0024383645968015077,-0.0024383645968014678,0.005306488547146326,0.014138094122501818,0.0,2.028044334694747
2025-03-13,-0.00700883898504168,-0.007008838985041677,-0.013330437810785023,-0.019992282557682994,0.0,2.0138300984983455
2025-03-14,0.004256698297275843,0.004256698297275818,0.020656018717465807,0.028101697829315785,0.0,2.022402365649626
2025-03-17,0.004036774969708104,0.004036774969708112,0.007711115332068363,0.011028292918438369,0.0,2.030566348897959
2025-03-18,-0.00075104735208402,-0.0007510473520839778,-0.010808379622018083,-0.015629661320553996,0.0,2.029041297418388
2025-03-19,0.00408682038846489,0.004086820388464973,0.010890845995021214,0.016778081983396795,0.0,2.037333624761715
2025-03-20,-0.001128950759816043,-0.0011289507598160053,-0.0028916989401738258,0.00037745542356465656,0.0,2.0350335754180415
2025-03-21,-0.00406732806888019,-0.004067328068880216,0.0003297821736047979,0.0011095341232583023,0.0,2.02675642623563
2025-03-24,0.007605944690565265,0.007605944690565192,0.017908489716964793,0.026711260089313033,0.0,2.042171823514826
2025-03-25,-0.0007378907860071251,-0.0007378907860071671,0.002403929606058286,0.002433472678323556,0.0,2.0406649237428107
2025-03-26,0.0014906947321490884,0.0014906947321491337,-0.011938335860707916,-0.019273868872498295,0.0,2.0437069321947154
2025-03-27,0.0019652608699252936,0.0019652608699252117,-0.002655627315210407,-0.00994433580468502,0.0,2.0477233494581526
2025-03-28,-0.0064225066679005965,-0.006422506667900563,-0.020138212342233786,-0.023850038428609263,0.0,2.034571832592242
2025-03-31,0.0063922673999497115,0.0063922673999496915,0.006712577101404937,0.0012976784547729413,0.0,2.0475773597905773
2025-04-01,-0.001365769257818538,-0.0013657692578185054,0.002824553701041621,0.007902988327230055,0.0,2.0447808415795703
2025-04-02,0.0027357945265852274,0.0027357945265851225,0.006328298292829215,0.010641291130907463,0.0,2.05037494181403
2025-04-03,-0.0099595993695265,-0.009959599369526506,-0.04928069685329273,-0.05722855896664918,0.0,2.029954028836246
2025-04-04,-0.020028718138100594,-0.020028718138100587,-0.05854299254528794,-0.0670211946405692,0.0,1.989296651759383
2025-04-07,-0.006884279090503222,-0.006884279090503265,-0.0017811884523963872,0.0006232309093291888,0.0,1.9756017784148678
2025-04-08,-0.004828826985097779,-0.005256871864220303,-0.01566275431689801,-0.016615909569450252,0.4301218631824159,1.965216293011015
2025-04-09,0.012562437271876748,0.01256243727187667,0.10501937798947614,0.11811194712707776,0.0,1.9899041994176359
2025-04-10,-0.005976094743920992,-0.005976094743921023,-0.043819062573260736,-0.04039798607958506,0.0,1.9780123433905898
2025-04-11,0.003217126216667647,0.0032171262166675874,0.017842893761116585,0.02049847154234,0.0,1.9843758587574039
2025-04-14,0.0006834052433222611,0.0006834052433222215,0.009701274021056916,0.00783964748877225,0.0,1.9857319916240006
2025-04-15,0.0007395271293591812,0.0007395271293590966,-0.0028007924327630995,0.0024454894253422175,0.0,1.987200494303443
2025-04-16,-0.0013863105338171734,-0.0013863105338172144,-0.02222796326408627,-0.0189605709265258,0.0,1.9844456173253833
2025-04-17,0.0013249145550726367,0.0013249145550726649,0.0014267171117980926,0.0039029780666868506,0.0,1.9870748382075278
2025-04-21,-0.003295484589897577,-0.0032954845898975904,-0.02380276591259234,-0.025959861282345672,0.0,1.9805264636992417
2025-04-22,0.005190860512570503,0.005190860512570561,0.02601794197538787,0.02898676896751262,0.0,1.990807100313759
2025-04-23,0.0014495834065800406,0.0014495834065799684,0.01549536109982208,0.0217942400152655,0.0,1.9936929412520754
2025-04-24,0.0022871426515613767,0.00228714265156138,0.021048912949868326,0.027690804433200336,0.0,1.99825280141213
2025-04-25,-4.458885062862971e-05,-4.458885062863516e-05,0.007225311311978455,0.01306166999995698,0.0,1.9981637016164495
2025-04-28,0.0008296127233573964,0.0008296127233573536,0.000381272763119167,0.002099047248782313,0.0,1.9998214036466613
2025-04-29,0.0009155142934821395,0.0009155142934822447,0.006299389544388578,0.005524633450818788,0.0,2.0016522687261116
2025-04-30,0.0008479236610557642,0.0008479236610556828,0.00039694175083582195,0.0007543380866767246,0.0,2.00334951704597
2025-05-01,-2.2602992835118926e-05,-2.260299283507461e-05,0.0070868680708551235,0.0054579194150563785,0.0,2.00330423535119
2025-05-02,0.0023904252994941546,0.002390425299494181,0.014844136511218409,0.018809981250737032,0.0,2.0080929844779574
2025-05-05,-0.0009871498445239372,-0.0009871498445239713,-0.005734324797424639,-0.005032833483243815,0.0,2.0061106958005404
2025-05-06,-0.000558847479416817,-0.000558847479416813,-0.008358216758522774,-0.007873466939944002,0.0,2.0049895858947613
2025-05-07,0.0010099791500041413,0.0010099791500042254,0.004205416334334133,0.0006093676107060664,0.0,2.0070145835724906
2025-05-08,0.0018617602683056777,0.0015690122504661286,0.006967872870209169,0.008766112830204913,0.2922040040345933,2.01016361404098
2025-05-09,-0.0006715241810790445,-0.0006715241810790751,-0.0012742212112867302,-0.0017257181317013748,0.0,2.0088137405662265
2025-05-12,0.0074061618743232836,0.007406161874323303,0.03304742941467098,0.03410603547060728,0.0,2.0236913403042247
2025-05-13,0.0038302406692986243,0.0038302406692987123,0.006603860821533747,0.015430396641907693,0.0,2.0314425651779655
2025-05-14,-0.0005495288209234209,-0.0005495288209234062,0.0012780826440004223,0.0021098620932649805,0.0,2.0303262289403494
2025-05-15,-0.0019730769423778926,-0.001973076942377916,0.004884179799500954,-0.0027865070509486634,0.0,2.026320239072522
2025-05-16,0.0017973763622308534,0.0017973763622307626,0.006334149416617141,0.010961234010100738,0.0,2.029962299172541
2025-05-19,-0.0007078977279036507,-0.0007078977279036947,0.001093923806363195,0.0012936628801903027,0.0,2.0285252934732263
2025-05-20,-0.00062035232725818,-0.0006203523272582112,-0.0033622573759429786,-0.004538616501567805,0.0,2.027266893086518
2025-05-21,-0.00491353569842558,-0.004913535698425564,-0.016850775346555102,-0.019236702413913464,0.0,2.017305844837101
2025-05-22,0.0010659224152613517,0.0010659224152613778,0.00039460189702000825,0.0022042411620398885,0.0,2.0194561363555508
2025-05-23,-0.0009580867945596791,-0.0009580867945596649,-0.006825533537378248,-0.005356152299588895,0.0,2.017521322099116
2025-05-27,0.003866860890680051,0.0038668608906800017,0.020790359643029,0.0216219346752837,0.0,2.0253227963956544
2025-05-28,-0.0006612454160298037,-0.0006612454160298542,-0.005785347645933303,-0.004942742943155545,0.0,2.023983560980557
2025-05-29,-0.0010501600434357286,-0.0010501600434357217,0.003947442276660329,0.0006647950602693898,0.0,2.0218580543162443
2025-05-30,0.0015953626390020968,0.0015953626390021736,-0.0011185059286688004,0.0025962841897596923,0.0,2.025083651117466
2025-06-02,-0.0003234019991261315,-0.0003234019991261716,0.0056330263090189625,0.007775455643560867,0.0,2.024428735016297
2025-06-03,0.0009310798929837404,0.0009310798929837993,0.005702556673914838,0.008173660507085435,0.0,2.0263136399062494
2025-06-04,-0.0011627409051632545,-0.0011627409051632176,-0.00026861623700524806,0.000393566270333765,0.0,2.02395756215044
2025-06-05,-0.004322368670314555,-0.004322368670314547,-0.004832652403296889,-0.009396417972360804,0.0,2.015209271393755
2025-06-06,0.0035865815284254897,0.003586581528425503,0.010268925536670137,0.012741802459352039,0.0,2.022436983742448
2025-06-09,0.001738680789159859,0.001557753968985276,0.0009012287764704752,0.0024077034930644614,0.18061279218275983,2.0255874429808953
2025-06-10,0.0006496928955004544,0.0006496928955004311,0.005669821601985259,0.0040817161908717784,0.0,2.026903452751815
2025-06-11,0.0018935955927244738,0.0018935955927243953,-0.002852077351950366,0.0003494732018392521,0.0,2.0307415881968236
2025-06-12,-0.0005888414828210894,-0.000588841482821123,0.0039742753822695764,0.0007647308507392081,0.0,2.029545803308803
2025-06-13,-0.0005613458143038418,-0.000561345814303893,-0.011180162300879815,-0.00805753865268642,0.0,2.0284065262671778
2025-06-16,0.0009329016958087475,0.000932901695808841,0.009514344503849026,0.014720557331287534,0.0,2.030298830155322
2025-06-17,-0.0013220186840934706,-0.001322018684093429,-0.0085450687006845,-0.005115805245684486,0.0,2.0276147371675637
2025-06-18,9.518092576481547e-05,9.518092576477066e-05,-0.00015071307483049967,0.002079992887945359,0.0,2.0278077274153414
2025-06-20,-0.0007383302569665195,-0.0007383302569665684,-0.002348577608368929,-0.0006377641359855635,0.0,2.02631053561488
2025-06-23,0.0034112512990316464,0.003411251299031637,0.009877485739587577,0.009650991678116934,0.0,2.0332227900617377
2025-06-24,0.0015869635422684194,0.0015869635422685047,0.011047186039507384,0.01679354608848274,0.0,2.0364494405028752
2025-06-25,-0.00029470952077721274,-0.00029470952077725876,0.0005603844216792719,-0.0007458449474741858,0.0,2.0358492794641774
2025-06-26,0.0014048895611897773,0.0014048895611897816,0.007823809728070064,0.008944648954774625,0.0,2.038709422865052
2025-06-27,-0.0013082784061548567,-0.0013082784061548836,0.0049683222933454285,0.0019119581602016766,0.0,2.036042223350693
2025-06-30,0.002527343352983925,0.0025273433529839906,0.004781179328798402,0.007020874968038355,0.0,2.041188001130273
2025-07-01,-0.0035928968670543085,-0.0035928968670543293,-0.00032361428413474336,-0.008791967271988197,0.0,2.0338542231559433
2025-07-02,0.0008242226447374565,0.0008242226447374712,0.00453326557880418,0.00880788447455933,0.0,2.0355305718627634
2025-07-03,0.0016791543686599337,0.001679154368659841,0.007881400243543668,0.007066250795755798,0.0,2.0389485419150475
2025-07-07,-0.0016919565180106451,-0.0016919565180106844,-0.007451971921066947,-0.008352474651311172,0.0,2.035498729639666
2025-07-08,0.0001270323850447687,0.00012703238504485626,-0.0005477352950125081,-0.00044912541205698096,0.0,2.035757303898048
2025-07-09,0.001344161511318805,0.0013441615113187755,0.005996656078344209,0.005946867240177738,0.0,2.038493690512334
2025-07-10,-0.00022218149014213392,-0.00045389595762734825,0.002820258275139098,0.0012464364557698282,0.2317659615920158,2.0375684264665614
2025-07-11,0.0004242458022385777,0.00042424580223854313,-0.0035154084840562927,-0.0007045147832843557,0.0,2.0384328563182637
2025-07-14,0.002014152333167258,0.002014152333167152,0.0019081841138897104,0.0013346951387351157,0.0,2.0425385706118218
2025-07-15,0.00034889312737382717,0.0003488931273738505,-0.004273310957695342,-0.004942398068450922,0.0,2.0432511982815043
2025-07-16,0.0012234501727267936,0.0012234501727268476,0.0033432737161649406,0.002564876840561503,0.0,2.045751014312966
2025-07-17,0.001422533264971877,0.0014225332649717704,0.006119637877514572,0.003970690304392028,0.0,2.048661163182676
2025-07-18,-0.0016532299595271094,-0.0016532299595271027,-0.0007322363413652111,0.00028613378118484077,0.0,2.0452742551707828
2025-07-21,0.0004242689730856816,0.00042426897308578404,0.001896143305678999,0.0011100278783800798,0.0,2.046142001578703
2025-07-22,-0.002714285508327395,-0.0027142855083274187,0.00014299913248505547,-0.0012710009288186331,0.0,2.040588187995838
2025-07-23,0.0011156530598234395,0.0011156530598235292,0.008507477186705525,0.010201732295587174,0.0,2.0428647764516152
2025-07-24,0.0005639880398784477,0.0005639880398784491,0.0003310296833012316,0.0006657032812892761,0.0,2.044016927752623
2025-07-25,0.0006398357770556726,0.0006398357770556196,0.004224435835635587,0.005411115786311626,0.0,2.045324762911906
2025-07-28,0.00048496432317749166,0.0004849643231774614,-0.0002510690047468067,0.0005590933951168209,0.0,2.04631667245123
2025-07-29,-0.0011575762801734576,-0.0011575762801734335,-0.0026376616892719307,-0.005031263411557951,0.0,2.043947904809477
2025-07-30,0.0022708323824441887,0.002270832382444299,-0.0012593696215839056,-0.0008172558870638725,0.0,2.0485893678997473
2025-07-31,-0.00155515936077144,-0.001555159360771441,-0.003751066887460741,-0.00827340379840069,0.0,2.0454034849678813
2025-08-01,-0.001976896319173255,-0.0019768963191733047,-0.016390513653391614,-0.013106965270462618,0.0,2.041359934347224
2025-08-04,0.004242603497362238,0.004242603497362163,0.015199764160073403,0.01616281614903538,0.0,2.0500206151440605
2025-08-05,-0.0014658039072476402,-0.0014658039072475981,-0.005070024116712868,-0.0062681126873172085,0.0,2.047015686916444
2025-08-06,0.0015573600498509572,0.0015573600498508533,0.007659759469106797,0.00447343589285095,0.0,2.0502036273686657
2025-08-07,0.002373515338827419,0.0023735153388273478,-0.000837636431655131,0.0010459197761661864,0.0,2.0550698171259447
2025-08-08,0.0017072143507757347,0.0014508444176912771,0.007797652437033564,0.0065433742036433125,0.2559330005930473,2.0580514036980877
2025-08-11,-8.583049177029951e-05,-8.58304917702446e-05,-0.0019775980053369224,0.001084984568328058,0.0,2.0578747601340197
2025-08-12,0.0018726097807074764,0.0018726097807075792,0.010646078845516938,0.013545959847827778,0.0,2.061728356537318
2025-08-13,-3.895814775191559e-05,-3.895814775189965e-05,0.0034232284065640606,0.0011916970350599398,0.0,2.06164803541938
2025-08-14,-0.0009815904445939021,-0.0009815904445938939,9.29178689290655e-05,-0.0008392842191878324,0.0,2.0596243414076962
2025-08-15,-0.00028143074765479766,-0.00028143074765474285,-0.0023411979263346927,-0.0003560204272509537,0.0,2.059044699789406
2025-08-18,-0.0009170191480795967,-0.000917019148079623,-0.0002176166478941033,0.00021291405529547447,0.0,2.0571565163729475
2025-08-19,-0.0015257748838800632,-0.00152577488388006,-0.005425196437217061,-0.010581476013030704,0.0,2.0540177586280555
2025-08-20,0.00048158070293225733,0.00048158070293236044,-0.002657080804944645,-0.0014509170096836722,0.0,2.055006933944091
2025-08-21,-0.0009838961631243042,-0.0009838961631243315,-0.004011809805612443,-0.004664023241639798,0.0,2.0529850205065894
2025-08-22,0.001955116815124895,0.0019551168151248355,0.015356833041096918,0.017338605397581596,0.0,2.056998846041381
2025-08-25,-0.0014357034982509106,-0.001435703498250951,-0.004401115665894628,-0.005876168742852255,0.0,2.054045605602221
2025-08-26,0.0010915478506807255,0.001091547850680774,0.004187065214133812,0.007223784618339399,0.0,2.0562876946682165
2025-08-27,-0.0002322452900027917,-0.00023224529000276384,0.002278548405594716,0.00015819957281096197,0.0,2.055810131536239
2025-08-28,0.000492116804611746,0.0004921168046116975,0.003541324132844581,0.006841384860462112,0.0,2.056821830249059
2025-08-29,-0.0001993581415956322,-0.00019935814159566245,-0.005963639392962183,-0.008633584813711077,0.0,2.0564117860713873
2025-09-02,-0.0011822067652464744,-0.0011822067652464963,-0.007410347641911175,-0.006234999619183303,0.0,2.053980682145761
2025-09-03,-0.002231183664821078,-0.0022311836648211125,0.005419642546478309,0.0013500026164100043,0.0,2.049397873999899
2025-09-04,0.001373370605364451,0.0013733706053644656,0.008357320883294106,0.010846736456863591,0.0,2.0522124567987468
2025-09-05,-0.0003894124192369425,-0.00038941241923695635,-0.0028961941058495144,-0.0005801480614421806,0.0,2.0514132997811565
2025-09-08,0.00022950378967627084,0.00022950378967623308,0.0024564823904422717,0.0018470071321876236,0.0,2.0518841069076483
2025-09-09,0.0016647265131752536,0.001451789418651206,0.002311884840038969,0.007602680848043894,0.21258320163193872,2.0548630105423555
2025-09-10,0.0017648120025527824,0.0017648120025528513,0.002890900462591439,0.009862003387413047,0.0,2.0584894574469628
2025-09-11,9.299714747114241e-05,9.299714747124099e-05,0.008310290457562264,0.008948834359318052,0.0,2.058680891094605
2025-09-12,0.0005086042700857347,0.0005086042700856996,-0.0003345365701959979,0.0014470405531651776,0.0,2.0597279449865598
2025-09-15,0.0006092205070466881,0.0006092205070467038,0.005323774557475458,0.007929424288332251,0.0,2.0609827734895827
2025-09-16,-0.000946947463940847,-0.0009469474639408615,-0.0013768849532600491,0.0013736066286872894,0.0,2.059031131079001
2025-09-17,-0.001427334933580023,-0.001427334933580049,-0.0012422701734727815,-0.0002272532301965624,0.0,2.056092204016283
2025-09-18,0.0015652591768152498,0.0015652591768151591,0.004672499098921978,0.00794637094706689,0.0,2.0593105212069975
2025-09-19,0.0009446840151777954,0.0009446840151778879,0.00495277480627232,0.0009829132036353007,0.0,2.061255918938669
2025-09-22,0.0001575499292966136,0.00015754992929650768,0.004731049353107419,0.0020942372826234256,0.0,2.06158066966296
2025-09-23,-0.00047800741211389945,-0.0004780074121139011,-0.005443562937222368,-0.006247203637997556,0.0,2.0605952188221903
2025-09-24,-0.0007746390424327269,-0.0007746390424326899,-0.0031816645261014687,-0.005554506774737928,0.0,2.0589990013150405
2025-09-25,-0.001763952014644516,-0.001763952014644521,-0.004613374905433676,-0.009971059226863341,0.0,2.0553670258785197
2025-09-26,0.0005428951856437905,0.0005428951856438768,0.0057290340826092745,0.005340610256515337,0.0,2.0564828747416004
2025-09-29,-0.00014718545339573546,-0.0001471854533957595,0.0028104467833012237,0.003910414301855188,0.0,2.056180190377281
2025-09-30,0.0009173578340503624,0.0009173578340504474,0.003766834755358328,0.0038388849385247313,0.0,2.058066443383143
2025-10-01,0.0008293939505550337,0.0008293939505550352,0.0034074798459751143,0.007936476646787594,0.0,2.059773391241125
2025-10-02,0.0026194153718072434,0.002619415371807321,0.001151824796685963,0.002776416817980729,0.0,2.065168793324582
2025-10-03,0.00015103501186378718,0.0001510350118638648,-1.4805406382656372e-05,0.0011725652073342819,0.0,2.0654807061177825
2025-10-06,0.0032682042394493365,0.0032682042394494015,0.003586271966467658,0.011733928728892506,0.0,2.0722311189180176
2025-10-07,-0.0007003953181502665,-0.0007003953181502487,-0.0037075138893177817,-0.004489996775256193,0.0,2.070779737944202
2025-10-08,0.003445444569255587,0.0032178070177961704,0.005963055269571305,0.011261071920690565,0.22685593192069295,2.077443107517269
2025-10-09,0.0016430807814710124,0.001643080781470907,-0.002896974724933221,-0.0013771242854784549,0.0,2.08085651436183
2025-10-10,-0.004025420782091367,-0.004025420782091338,-0.027027862178845674,-0.03146967654861295,0.0,2.0724801913043676
2025-10-13,0.0012272100324346533,0.0012272100324346447,0.015344118135168339,0.020951312502092156,0.0,2.0750235597871582
2025-10-14,0.0006417589198696044,0.0006417589198695062,-0.0012216462876413203,-0.0035332194407828466,0.0,2.076355224665591
2025-10-15,-0.0003602942689676505,-0.0003602942689676647,0.004439529909605389,0.005447723464761762,0.0,2.075607125777803
2025-10-16,-0.0006537139186643709,-0.0006537139186644225,-0.006810134562330372,-0.007734674424110304,0.0,2.074250272510003
2025-10-17,0.0009823156672106432,0.0009823156672106315,0.005676205164253156,0.002513701071665755,0.0,2.0762878410504055
2025-10-20,0.002442077177234297,0.0024420771772342142,0.010400500262923273,0.012797120050457736,0.0,2.0813582962004036
2025-10-21,0.0011554107281852536,0.0011554107281852577,-1.494287878323064e-05,-0.00011614690503902291,0.0,2.083763119905031
2025-10-22,0.002349506935777055,0.002349506935777068,-0.005198916065879078,-0.008481323389636346,0.0,2.0886589358077643
2025-10-23,0.0017217017378569923,0.0017217017378570176,0.005929962705964353,0.01109052305589951,0.0,2.092254983527335
2025-10-24,0.0008512607657665311,0.0008512607657664706,0.008172554694480416,0.012528183947265532,0.0,2.0940360381067915
2025-10-27,0.0017875283701804733,0.00178752837018048,0.011797664492784632,0.011270440697506625,0.0,2.0977791869330877
2025-10-28,-0.0008222620807361227,-0.0008222620807361025,0.002655926209922388,-0.003589780778913276,0.0,2.096054262653915
2025-10-29,-0.001258535435256998,-0.0012585354352570022,0.0004804602529762114,0.0024491818794675413,0.0,2.0934163040901437
2025-10-30,0.000997576041667275,0.0009975760416671697,-0.010998097614260183,-0.01144415213554469,0.0,2.0955046460403395
2025-10-31,2.3001381734931675e-05,2.3001381734832904e-05,0.0032801312668069293,0.005336575336046481,0.0,2.09555284554263
2025-11-03,-0.00014014049380417696,-0.00014014049380417504,0.0018767398754619968,2.954684471313529e-05,0.0,2.095259173732063
2025-11-04,-0.000863479143756968,-0.0008634791437569511,-0.01185354736001909,-0.018088000168679022,0.0,2.09344996113478
2025-11-05,0.0003500767917446189,0.0003500767917445913,0.0034653852011290454,0.006604451603710846,0.0,2.094182829380852
2025-11-06,-0.003168558412657264,-0.003440484983842196,-0.010729363869237507,-0.015665972128783515,0.272790925165736,2.086977824802947
2025-11-07,-0.0018553539436740236,-0.0018553539436739763,0.000984565078659072,0.005282242807023774,0.0,2.0831057422653387
2025-11-10,0.005517772520577324,0.00551777252057728,0.01560437034633999,0.0160425633393783,0.0,2.0945998458874673
2025-11-11,-0.0025932915464531325,-0.002593291546453158,0.002289177027853917,-0.0013674436388653776,0.0,2.0891679378139254
2025-11-12,0.0016577428578547608,0.0016577428578548048,0.0005563903663643455,0.0006370518276896831,0.0,2.092631241041696
2025-11-13,-0.005450259227513868,-0.005450259227513854,-0.01659390636118807,-0.023592809825058386,0.0,2.0812258583104244
2025-11-14,0.0012900332082488141,0.0012900332082488308,-0.0001637328001578009,-0.0012831687900112688,0.0,2.083910708781511
2025-11-17,-0.0008070920529984515,-0.0008070920529984482,-0.009316529838549359,-0.011038563242396883,0.0,2.082228801009295
2025-11-18,-0.0038996968480767757,-0.0038996968480767835,-0.008397554120144202,-0.007680979608865792,0.0,2.0741087399170244
2025-11-19,0.0005759122476778838,0.0005759122476778344,0.003863270235832328,0.0006575119539121443,0.0,2.0753032445433583
2025-11-20,-0.006525141389999328,-0.006525141389999378,-0.015242227316648038,-0.022979448185084208,0.0,2.0617615974455883
2025-11-21,0.000646457669878249,0.0006464576698781421,0.009961138168965045,0.005047098646252057,0.0,2.0630944390437174
2025-11-24,0.007216528031896146,0.007216528031896097,0.014718606876234608,0.018914468335935453,0.0,2.0779828178955255
2025-11-25,-0.0002887833709213641,-0.00028878337092141937,0.009405836039293458,0.007371156996250736,0.0,2.0773827310126567
2025-11-26,0.0019475160349270663,0.0019475160349271547,0.006903582418005261,0.007882015261256965,0.0,2.0814284671919845
2025-11-28,0.001763930775532403,0.0017639307755323852,0.0054584342293309,0.009700671103279419,0.0,2.0850999629223335
2025-12-01,-0.0004145185277744685,-0.00041451852777452114,-0.004565560353440801,-0.007895142743703789,0.0,2.0842356503554402
2025-12-02,0.0007892199836323619,0.0007892199836323499,0.001852367504067809,0.0036410050795828443,0.0,2.0858805707812995
2025-12-03,0.0014129283030827895,0.0014129283030828166,0.003462749080359595,0.00794496257652569,0.0,2.088827770476607
2025-12-04,-0.0010545616211403003,-0.0010545616211402598,0.000731139787988333,-0.0007854869943378917,0.0,2.0866249728766904
2025-12-05,0.0019134088534442156,0.001913408853444265,0.001899394752821859,0.0013186760875493685,0.0,2.0906175395736106
2025-12-08,0.0007768670428132076,0.0006710876018105605,-0.0030042091058060105,-0.0023093176218974797,0.10569732823185146,2.092020527084546
2025-12-09,0.0013583442365669952,0.0013583442365669995,-0.000863028073573191,0.0001377225458492748,0.0,2.094862211110291
2025-12-10,0.001693496222114168,0.0016934962221142325,0.00663214455678518,0.005235387061332431,0.0,2.098409852350656
2025-12-11,-0.0008780644647284106,-0.0008780644647283786,0.0023270355362734474,0.006265512147193824,0.0,2.096567313226871
2025-12-12,-0.005098835539156366,-0.0050988355391563545,-0.010752074615154483,-0.011385463134475624,0.0,2.0858772612999563
2025-12-15,-0.0026540695130562943,-0.0026540695130562453,-0.001510898681416406,-0.006674316865055263,0.0,2.080341198052763
2025-12-16,-0.00022117508881586275,-0.00022117508881591696,-0.002732285145230273,-0.0022777520100224157,0.0,2.079881078403516
2025-12-17,-0.004006874385504431,-0.0040068743855044,-0.011003593983400228,-0.01532589357043574,0.0,2.0715472561855655
2025-12-18,0.0036388922828470265,0.0036388922828469727,0.00755126270975226,0.008374133995072775,0.0,2.079085393509652
2025-12-19,0.004456814258314214,0.0044568142583141235,0.009063506223587092,0.010591460227379302,0.0,2.0883514909356986
2025-12-22,0.0012112974024357573,0.0012112974024358625,0.006229803850433591,0.006662105497308639,0.0,2.090881105672042
2025-12-23,-0.0011199710981790957,-0.0011199710981790734,0.004570492347330646,0.0010247610763259307,0.0,2.0885393792639606
2025-12-24,0.0012335372337269606,0.001233537233726878,0.003517674396244841,0.0032880352412986303,0.0,2.0911156703523877
2025-12-26,-0.00030475347678380065,-0.0003047534767838256,-0.00010140966545213459,-0.0005317917238063141,0.0,2.0904783955814907
2025-12-29,0.0016208195252166214,0.0016208195252165325,-0.0035636535074947684,-0.0025440331889266775,0.0,2.0938666837820925
2025-12-30,-0.00041515247572348454,-0.00041515247572343483,-0.0012212136133650242,-0.0007694390619692082,0.0,2.0929974098444855
2025-12-31,-0.0016989823941850881,-0.001698982394185089,-0.0074088529688375315,-0.008100135299790949,0.0,2.0894414440940845
